gemeente,laadpunten,Populatie,Perioden,Particuliere huishoudens (x 1 000),Inkomen/Gemiddeld gestandaardiseerd inkomen (1 000 euro)
Aa en Hunze,89,Particuliere huishoudens excl. studenten,2024*,11.4,42.6
Aalsmeer,316,Particuliere huishoudens excl. studenten,2024*,14.2,52.1
Aalten,138,Particuliere huishoudens excl. studenten,2024*,11.7,40.5
Achtkarspelen,54,Particuliere huishoudens excl. studenten,2024*,12.0,36.3
Alblasserdam,183,Particuliere huishoudens excl. studenten,2024*,8.5,41.8
Albrandswaard,340,Particuliere huishoudens excl. studenten,2024*,10.6,51.3
Alkmaar,979,Particuliere huishoudens excl. studenten,2024*,53.8,40.4
Almelo,267,Particuliere huishoudens excl. studenten,2024*,33.5,39.3
Almere,2429,Particuliere huishoudens excl. studenten,2024*,95.1,41.3
Alphen aan den Rijn,1185,Particuliere huishoudens excl. studenten,2024*,50.3,44.0
Alphen-Chaam,54,Particuliere huishoudens excl. studenten,2024*,4.4,48.3
Altena,174,Particuliere huishoudens excl. studenten,2024*,23.7,43.3
Ameland,4,Particuliere huishoudens excl. studenten,2024*,1.8,
Amersfoort,1297,Particuliere huishoudens excl. studenten,2024*,71.5,43.9
Amstelveen,1221,Particuliere huishoudens excl. studenten,2024*,41.8,51.2
Amsterdam,10746,Particuliere huishoudens excl. studenten,2024*,473.2,45.6
Apeldoorn,1005,Particuliere huishoudens excl. studenten,2024*,75.4,42.7
Arnhem,1293,Particuliere huishoudens excl. studenten,2024*,80.4,37.9
Assen,333,Particuliere huishoudens excl. studenten,2024*,32.1,38.5
Asten,56,Particuliere huishoudens excl. studenten,2024*,7.4,44.1
Baarle-Nassau,30,Particuliere huishoudens excl. studenten,2024*,3.1,42.4
Baarn,103,Particuliere huishoudens excl. studenten,2024*,11.2,49.8
Barendrecht,644,Particuliere huishoudens excl. studenten,2024*,19.6,48.2
Barneveld,537,Particuliere huishoudens excl. studenten,2024*,23.4,44.7
Beek,72,Particuliere huishoudens excl. studenten,2024*,7.6,40.5
Beekdaelen,169,Particuliere huishoudens excl. studenten,2024*,16.3,42.2
Beesel,74,Particuliere huishoudens excl. studenten,2024*,6.0,38.6
Berg en Dal,147,Particuliere huishoudens excl. studenten,2024*,16.2,42.8
Bergeijk,96,Particuliere huishoudens excl. studenten,2024*,8.3,46.3
Bergen (L.),95,Particuliere huishoudens excl. studenten,2024*,5.7,40.2
Bergen (NH.),279,Particuliere huishoudens excl. studenten,2024*,14.1,57.2
Bergen op Zoom,606,Particuliere huishoudens excl. studenten,2024*,31.5,40.1
Berkelland,26,Particuliere huishoudens excl. studenten,2024*,19.1,40.2
Bernheze,194,Particuliere huishoudens excl. studenten,2024*,13.5,47.8
Best,208,Particuliere huishoudens excl. studenten,2024*,13.6,47.0
Beuningen,136,Particuliere huishoudens excl. studenten,2024*,11.6,44.8
Beverwijk,235,Particuliere huishoudens excl. studenten,2024*,19.6,39.8
Bladel,104,Particuliere huishoudens excl. studenten,2024*,9.1,43.7
Blaricum,64,Particuliere huishoudens excl. studenten,2024*,5.3,93.4
Bloemendaal,169,Particuliere huishoudens excl. studenten,2024*,9.9,84.7
Bodegraven-Reeuwijk,316,Particuliere huishoudens excl. studenten,2024*,15.2,51.1
Boekel,42,Particuliere huishoudens excl. studenten,2024*,4.5,43.8
Borger-Odoorn,70,Particuliere huishoudens excl. studenten,2024*,11.4,40.0
Borne,176,Particuliere huishoudens excl. studenten,2024*,10.4,43.0
Borsele,137,Particuliere huishoudens excl. studenten,2024*,9.8,45.1
Boxtel,202,Particuliere huishoudens excl. studenten,2024*,15.1,43.9
Breda,2499,Particuliere huishoudens excl. studenten,2024*,86.6,44.3
Bronckhorst,144,Particuliere huishoudens excl. studenten,2024*,15.7,44.1
Brummen,126,Particuliere huishoudens excl. studenten,2024*,9.4,44.1
Brunssum,148,Particuliere huishoudens excl. studenten,2024*,13.7,35.9
Bunnik,92,Particuliere huishoudens excl. studenten,2024*,6.8,50.2
Bunschoten,74,Particuliere huishoudens excl. studenten,2024*,8.8,46.1
Buren,140,Particuliere huishoudens excl. studenten,2024*,11.7,45.5
Capelle aan den IJssel,650,Particuliere huishoudens excl. studenten,2024*,31.4,40.3
Castricum,314,Particuliere huishoudens excl. studenten,2024*,16.1,48.8
Coevorden,106,Particuliere huishoudens excl. studenten,2024*,15.7,39.6
Cranendonck,56,Particuliere huishoudens excl. studenten,2024*,9.1,43.9
Culemborg,433,Particuliere huishoudens excl. studenten,2024*,13.1,43.3
Dalfsen,120,Particuliere huishoudens excl. studenten,2024*,12.2,42.9
Dantumadiel,20,Particuliere huishoudens excl. studenten,2024*,8.0,36.8
De Bilt,288,Particuliere huishoudens excl. studenten,2024*,19.1,54.2
De Fryske Marren,117,Particuliere huishoudens excl. studenten,2024*,22.6,41.0
De Ronde Venen,343,Particuliere huishoudens excl. studenten,2024*,19.8,52.9
De Wolden,98,Particuliere huishoudens excl. studenten,2024*,10.4,43.5
Delft,849,Particuliere huishoudens excl. studenten,2024*,48.9,40.0
Den Haag,7248,Particuliere huishoudens excl. studenten,2024*,264.6,40.6
Den Helder,215,Particuliere huishoudens excl. studenten,2024*,27.4,37.4
Deurne,224,Particuliere huishoudens excl. studenten,2024*,14.3,42.0
Deventer,659,Particuliere huishoudens excl. studenten,2024*,47.2,39.5
Diemen,320,Particuliere huishoudens excl. studenten,2024*,14.7,43.0
Dijk en Waard,593,Particuliere huishoudens excl. studenten,2024*,37.7,43.1
Dinkelland,68,Particuliere huishoudens excl. studenten,2024*,10.7,46.3
Doesburg,102,Particuliere huishoudens excl. studenten,2024*,5.4,37.7
Doetinchem,326,Particuliere huishoudens excl. studenten,2024*,26.6,41.4
Dongen,307,Particuliere huishoudens excl. studenten,2024*,11.7,42.3
Dordrecht,1521,Particuliere huishoudens excl. studenten,2024*,56.6,40.6
Drechterland,72,Particuliere huishoudens excl. studenten,2024*,8.7,43.8
Drimmelen,263,Particuliere huishoudens excl. studenten,2024*,12.2,44.5
Dronten,168,Particuliere huishoudens excl. studenten,2024*,18.5,41.2
Druten,94,Particuliere huishoudens excl. studenten,2024*,8.3,43.9
Duiven,176,Particuliere huishoudens excl. studenten,2024*,10.8,42.6
Echt-Susteren,173,Particuliere huishoudens excl. studenten,2024*,14.5,40.9
Edam-Volendam,265,Particuliere huishoudens excl. studenten,2024*,15.5,47.6
Ede,1005,Particuliere huishoudens excl. studenten,2024*,51.3,44.0
Eemnes,102,Particuliere huishoudens excl. studenten,2024*,4.2,49.9
Eemsdelta,214,Particuliere huishoudens excl. studenten,2024*,21.0,36.2
Eersel,144,Particuliere huishoudens excl. studenten,2024*,8.5,48.7
Eijsden-Margraten,133,Particuliere huishoudens excl. studenten,2024*,11.3,45.1
Eindhoven,2045,Particuliere huishoudens excl. studenten,2024*,117.0,41.6
Elburg,202,Particuliere huishoudens excl. studenten,2024*,9.6,42.5
Emmen,447,Particuliere huishoudens excl. studenten,2024*,49.7,37.2
Enkhuizen,74,Particuliere huishoudens excl. studenten,2024*,8.8,41.0
Enschede,818,Particuliere huishoudens excl. studenten,2024*,72.2,37.2
Epe,138,Particuliere huishoudens excl. studenten,2024*,14.4,44.7
Ermelo,212,Particuliere huishoudens excl. studenten,2024*,11.7,45.6
Etten-Leur,403,Particuliere huishoudens excl. studenten,2024*,19.8,42.1
Geertruidenberg,260,Particuliere huishoudens excl. studenten,2024*,9.7,43.4
Geldrop-Mierlo,318,Particuliere huishoudens excl. studenten,2024*,18.2,44.6
Gemert-Bakel,154,Particuliere huishoudens excl. studenten,2024*,13.4,41.9
Gennep,92,Particuliere huishoudens excl. studenten,2024*,7.8,40.8
Gilze en Rijen,207,Particuliere huishoudens excl. studenten,2024*,11.4,42.1
Goeree-Overflakkee,498,Particuliere huishoudens excl. studenten,2024*,22.2,44.4
Goes,164,Particuliere huishoudens excl. studenten,2024*,18.5,45.1
Goirle,204,Particuliere huishoudens excl. studenten,2024*,10.4,45.0
Gooise Meren,515,Particuliere huishoudens excl. studenten,2024*,26.8,57.9
Gorinchem,282,Particuliere huishoudens excl. studenten,2024*,17.3,41.0
Gouda,637,Particuliere huishoudens excl. studenten,2024*,34.6,40.7
Groningen,1191,Particuliere huishoudens excl. studenten,2024*,115.0,37.1
Gulpen-Wittem,82,Particuliere huishoudens excl. studenten,2024*,6.5,40.6
Haaksbergen,108,Particuliere huishoudens excl. studenten,2024*,10.4,43.9
Haarlem,935,Particuliere huishoudens excl. studenten,2024*,78.9,44.0
Haarlemmermeer,823,Particuliere huishoudens excl. studenten,2024*,68.2,46.2
Halderberge,185,Particuliere huishoudens excl. studenten,2024*,13.5,41.6
Hardenberg,265,Particuliere huishoudens excl. studenten,2024*,25.5,41.2
Harderwijk,580,Particuliere huishoudens excl. studenten,2024*,21.3,42.5
Hardinxveld-Giessendam,179,Particuliere huishoudens excl. studenten,2024*,7.4,43.9
Harlingen,94,Particuliere huishoudens excl. studenten,2024*,7.7,36.9
Hattem,110,Particuliere huishoudens excl. studenten,2024*,5.3,43.9
Heemskerk,266,Particuliere huishoudens excl. studenten,2024*,17.5,41.5
Heemstede,271,Particuliere huishoudens excl. studenten,2024*,12.1,59.2
Heerde,104,Particuliere huishoudens excl. studenten,2024*,8.0,43.3
Heerenveen,196,Particuliere huishoudens excl. studenten,2024*,23.6,41.2
Heerlen,505,Particuliere huishoudens excl. studenten,2024*,45.1,34.3
Heeze-Leende,68,Particuliere huishoudens excl. studenten,2024*,7.1,50.4
Heiloo,206,Particuliere huishoudens excl. studenten,2024*,11.0,49.3
Hellendoorn,170,Particuliere huishoudens excl. studenten,2024*,14.9,42.7
Helmond,492,Particuliere huishoudens excl. studenten,2024*,43.0,39.7
Hendrik-Ido-Ambacht,340,Particuliere huishoudens excl. studenten,2024*,12.8,47.1
Hengelo,436,Particuliere huishoudens excl. studenten,2024*,38.9,38.6
Het Hogeland,194,Particuliere huishoudens excl. studenten,2024*,21.7,37.2
Heumen,96,Particuliere huishoudens excl. studenten,2024*,7.3,47.0
Heusden,277,Particuliere huishoudens excl. studenten,2024*,19.9,44.9
Hillegom,142,Particuliere huishoudens excl. studenten,2024*,10.3,42.4
Hilvarenbeek,75,Particuliere huishoudens excl. studenten,2024*,6.8,47.2
Hilversum,423,Particuliere huishoudens excl. studenten,2024*,44.1,45.0
Hoeksche Waard,873,Particuliere huishoudens excl. studenten,2024*,38.7,50.0
Hof van Twente,123,Particuliere huishoudens excl. studenten,2024*,15.3,43.0
Hollands Kroon,192,Particuliere huishoudens excl. studenten,2024*,21.8,41.1
Hoogeveen,168,Particuliere huishoudens excl. studenten,2024*,24.9,37.9
Hoorn,532,Particuliere huishoudens excl. studenten,2024*,34.3,43.9
Horst aan de Maas,226,Particuliere huishoudens excl. studenten,2024*,19.3,42.6
Houten,420,Particuliere huishoudens excl. studenten,2024*,21.0,47.7
Huizen,290,Particuliere huishoudens excl. studenten,2024*,18.7,51.1
Hulst,159,Particuliere huishoudens excl. studenten,2024*,12.7,42.3
IJsselstein,296,Particuliere huishoudens excl. studenten,2024*,14.3,46.7
Kaag en Braassem,286,Particuliere huishoudens excl. studenten,2024*,12.7,47.9
Kampen,365,Particuliere huishoudens excl. studenten,2024*,22.9,39.2
Kapelle,124,Particuliere huishoudens excl. studenten,2024*,5.5,42.5
Katwijk,908,Particuliere huishoudens excl. studenten,2024*,27.1,43.6
Kerkrade,343,Particuliere huishoudens excl. studenten,2024*,22.7,34.1
Koggenland,106,Particuliere huishoudens excl. studenten,2024*,9.8,43.9
Krimpen aan den IJssel,332,Particuliere huishoudens excl. studenten,2024*,12.4,43.3
Krimpenerwaard,468,Particuliere huishoudens excl. studenten,2024*,24.3,45.4
Laarbeek,134,Particuliere huishoudens excl. studenten,2024*,9.8,43.8
Land van Cuijk,451,Particuliere huishoudens excl. studenten,2024*,39.4,42.4
Landgraaf,239,Particuliere huishoudens excl. studenten,2024*,17.6,37.3
Landsmeer,102,Particuliere huishoudens excl. studenten,2024*,4.9,52.8
Lansingerland,749,Particuliere huishoudens excl. studenten,2024*,25.4,53.3
Laren,60,Particuliere huishoudens excl. studenten,2024*,5.1,154.7
Leeuwarden,472,Particuliere huishoudens excl. studenten,2024*,61.3,36.6
Leiden,1183,Particuliere huishoudens excl. studenten,2024*,60.7,41.3
Leiderdorp,403,Particuliere huishoudens excl. studenten,2024*,12.4,45.0
Leidschendam-Voorburg,757,Particuliere huishoudens excl. studenten,2024*,37.0,45.8
Lelystad,469,Particuliere huishoudens excl. studenten,2024*,36.5,38.8
Leudal,166,Particuliere huishoudens excl. studenten,2024*,16.0,42.4
Leusden,194,Particuliere huishoudens excl. studenten,2024*,13.8,47.4
Lingewaard,369,Particuliere huishoudens excl. studenten,2024*,20.0,43.0
Lisse,97,Particuliere huishoudens excl. studenten,2024*,10.6,44.4
Lochem,164,Particuliere huishoudens excl. studenten,2024*,15.2,52.0
Loon op Zand,446,Particuliere huishoudens excl. studenten,2024*,10.4,43.1
Lopik,58,Particuliere huishoudens excl. studenten,2024*,5.9,46.9
Losser,88,Particuliere huishoudens excl. studenten,2024*,9.8,40.5
Maasdriel,148,Particuliere huishoudens excl. studenten,2024*,11.2,44.9
Maasgouw,103,Particuliere huishoudens excl. studenten,2024*,11.0,43.1
Maashorst,468,Particuliere huishoudens excl. studenten,2024*,25.9,44.7
Maassluis,373,Particuliere huishoudens excl. studenten,2024*,15.9,40.2
Maastricht,929,Particuliere huishoudens excl. studenten,2024*,56.1,39.0
Medemblik,170,Particuliere huishoudens excl. studenten,2024*,19.6,42.0
Meerssen,80,Particuliere huishoudens excl. studenten,2024*,8.5,44.5
Meierijstad,643,Particuliere huishoudens excl. studenten,2024*,36.5,45.7
Meppel,227,Particuliere huishoudens excl. studenten,2024*,16.2,40.1
Middelburg,301,Particuliere huishoudens excl. studenten,2024*,23.0,39.9
Midden-Delfland,253,Particuliere huishoudens excl. studenten,2024*,7.9,55.3
Midden-Drenthe,98,Particuliere huishoudens excl. studenten,2024*,14.8,40.7
Midden-Groningen,174,Particuliere huishoudens excl. studenten,2024*,28.2,36.7
Moerdijk,317,Particuliere huishoudens excl. studenten,2024*,16.9,41.9
Molenlanden,144,Particuliere huishoudens excl. studenten,2024*,17.6,49.6
Montferland,136,Particuliere huishoudens excl. studenten,2024*,16.1,41.0
Montfoort,93,Particuliere huishoudens excl. studenten,2024*,5.7,50.2
Mook en Middelaar,52,Particuliere huishoudens excl. studenten,2024*,3.8,60.9
Neder-Betuwe,132,Particuliere huishoudens excl. studenten,2024*,9.6,40.9
Nederweert,96,Particuliere huishoudens excl. studenten,2024*,7.7,42.5
Nieuwegein,865,Particuliere huishoudens excl. studenten,2024*,30.4,40.5
Nieuwkoop,367,Particuliere huishoudens excl. studenten,2024*,12.2,47.7
Nijkerk,436,Particuliere huishoudens excl. studenten,2024*,18.5,46.4
Nijmegen,1562,Particuliere huishoudens excl. studenten,2024*,88.0,38.6
Nissewaard,938,Particuliere huishoudens excl. studenten,2024*,39.4,39.6
Noardeast-Fryslân,79,Particuliere huishoudens excl. studenten,2024*,20.0,36.7
Noord-Beveland,57,Particuliere huishoudens excl. studenten,2024*,3.9,40.8
Noordenveld,172,Particuliere huishoudens excl. studenten,2024*,14.3,42.1
Noordoostpolder,212,Particuliere huishoudens excl. studenten,2024*,20.9,39.9
Noordwijk,323,Particuliere huishoudens excl. studenten,2024*,20.7,52.0
"Nuenen, Gerwen en Nederwetten",180,Particuliere huishoudens excl. studenten,2024*,10.6,50.3
Nunspeet,206,Particuliere huishoudens excl. studenten,2024*,11.5,43.0
Oegstgeest,266,Particuliere huishoudens excl. studenten,2024*,10.9,55.0
Oirschot,132,Particuliere huishoudens excl. studenten,2024*,8.1,48.4
Oisterwijk,242,Particuliere huishoudens excl. studenten,2024*,14.4,52.8
Oldambt,134,Particuliere huishoudens excl. studenten,2024*,18.7,35.7
Oldebroek,126,Particuliere huishoudens excl. studenten,2024*,9.6,40.4
Oldenzaal,131,Particuliere huishoudens excl. studenten,2024*,14.3,41.0
Olst-Wijhe,102,Particuliere huishoudens excl. studenten,2024*,8.0,43.6
Ommen,78,Particuliere huishoudens excl. studenten,2024*,7.9,42.1
Oost Gelre,211,Particuliere huishoudens excl. studenten,2024*,12.7,42.7
Oosterhout,511,Particuliere huishoudens excl. studenten,2024*,26.1,43.9
Ooststellingwerf,44,Particuliere huishoudens excl. studenten,2024*,11.6,38.3
Oostzaan,63,Particuliere huishoudens excl. studenten,2024*,4.1,47.2
Opmeer,70,Particuliere huishoudens excl. studenten,2024*,5.3,42.9
Opsterland,62,Particuliere huishoudens excl. studenten,2024*,12.7,41.2
Oss,620,Particuliere huishoudens excl. studenten,2024*,42.2,42.1
Oude IJsselstreek,114,Particuliere huishoudens excl. studenten,2024*,17.3,40.2
Ouder-Amstel,149,Particuliere huishoudens excl. studenten,2024*,6.4,52.8
Oudewater,56,Particuliere huishoudens excl. studenten,2024*,4.4,53.4
Overbetuwe,320,Particuliere huishoudens excl. studenten,2024*,20.4,44.4
Papendrecht,401,Particuliere huishoudens excl. studenten,2024*,14.2,42.6
Peel en Maas,194,Particuliere huishoudens excl. studenten,2024*,19.9,41.1
Pekela,18,Particuliere huishoudens excl. studenten,2024*,5.7,34.4
Pijnacker-Nootdorp,609,Particuliere huishoudens excl. studenten,2024*,22.5,49.4
Purmerend,611,Particuliere huishoudens excl. studenten,2024*,42.8,41.0
Putten,154,Particuliere huishoudens excl. studenten,2024*,10.1,46.0
Raalte,184,Particuliere huishoudens excl. studenten,2024*,16.2,42.6
Reimerswaal,98,Particuliere huishoudens excl. studenten,2024*,9.4,42.6
Renkum,8,Particuliere huishoudens excl. studenten,2024*,14.8,46.2
Renswoude,14,Particuliere huishoudens excl. studenten,2024*,2.2,
Reusel-De Mierden,52,Particuliere huishoudens excl. studenten,2024*,5.8,43.4
Rheden,248,Particuliere huishoudens excl. studenten,2024*,20.8,40.2
Rhenen,87,Particuliere huishoudens excl. studenten,2024*,8.4,46.4
Ridderkerk,499,Particuliere huishoudens excl. studenten,2024*,21.2,41.2
Rijssen-Holten,149,Particuliere huishoudens excl. studenten,2024*,14.7,46.4
Rijswijk,481,Particuliere huishoudens excl. studenten,2024*,28.2,40.9
Roerdalen,64,Particuliere huishoudens excl. studenten,2024*,9.5,41.7
Roermond,374,Particuliere huishoudens excl. studenten,2024*,29.1,39.0
Roosendaal,518,Particuliere huishoudens excl. studenten,2024*,35.6,39.6
Rotterdam,7984,Particuliere huishoudens excl. studenten,2024*,318.0,38.7
Rozendaal,15,Particuliere huishoudens excl. studenten,2024*,0.7,
Rucphen,58,Particuliere huishoudens excl. studenten,2024*,10.3,41.0
Schagen,249,Particuliere huishoudens excl. studenten,2024*,21.3,43.2
Scherpenzeel,132,Particuliere huishoudens excl. studenten,2024*,4.2,43.2
Schiedam,759,Particuliere huishoudens excl. studenten,2024*,37.9,38.6
Schiermonnikoog,4,Particuliere huishoudens excl. studenten,2024*,0.6,
Schouwen-Duiveland,358,Particuliere huishoudens excl. studenten,2024*,16.0,44.0
's-Hertogenbosch,1817,Particuliere huishoudens excl. studenten,2024*,75.5,44.3
Simpelveld,64,Particuliere huishoudens excl. studenten,2024*,4.9,39.3
Sint-Michielsgestel,188,Particuliere huishoudens excl. studenten,2024*,12.5,47.7
Sittard-Geleen,310,Particuliere huishoudens excl. studenten,2024*,45.3,38.2
Sliedrecht,239,Particuliere huishoudens excl. studenten,2024*,10.9,39.5
Sluis,361,Particuliere huishoudens excl. studenten,2024*,11.2,40.3
Smallingerland,177,Particuliere huishoudens excl. studenten,2024*,25.6,37.8
Soest,375,Particuliere huishoudens excl. studenten,2024*,21.0,47.0
Someren,84,Particuliere huishoudens excl. studenten,2024*,8.5,47.5
Son en Breugel,127,Particuliere huishoudens excl. studenten,2024*,7.6,50.2
Stadskanaal,104,Particuliere huishoudens excl. studenten,2024*,14.6,35.7
Staphorst,72,Particuliere huishoudens excl. studenten,2024*,6.3,43.2
Stede Broec,92,Particuliere huishoudens excl. studenten,2024*,9.5,41.2
Steenbergen,191,Particuliere huishoudens excl. studenten,2024*,11.0,42.3
Steenwijkerland,267,Particuliere huishoudens excl. studenten,2024*,20.1,40.4
Stein,113,Particuliere huishoudens excl. studenten,2024*,11.6,40.1
Stichtse Vecht,387,Particuliere huishoudens excl. studenten,2024*,28.6,50.8
Súdwest-Fryslân,379,Particuliere huishoudens excl. studenten,2024*,40.8,38.9
Terneuzen,501,Particuliere huishoudens excl. studenten,2024*,26.1,39.1
Terschelling,26,Particuliere huishoudens excl. studenten,2024*,2.3,
Texel,60,Particuliere huishoudens excl. studenten,2024*,6.7,40.5
Teylingen,272,Particuliere huishoudens excl. studenten,2024*,16.5,50.6
Tholen,188,Particuliere huishoudens excl. studenten,2024*,11.0,40.5
Tiel,255,Particuliere huishoudens excl. studenten,2024*,18.9,39.6
Tilburg,2245,Particuliere huishoudens excl. studenten,2024*,105.2,38.7
Tubbergen,70,Particuliere huishoudens excl. studenten,2024*,8.4,44.8
Twenterand,157,Particuliere huishoudens excl. studenten,2024*,13.5,42.1
Tynaarlo,131,Particuliere huishoudens excl. studenten,2024*,14.6,45.4
Tytsjerksteradiel,92,Particuliere huishoudens excl. studenten,2024*,13.8,39.9
Uitgeest,146,Particuliere huishoudens excl. studenten,2024*,5.7,45.1
Uithoorn,180,Particuliere huishoudens excl. studenten,2024*,13.7,44.6
Urk,72,Particuliere huishoudens excl. studenten,2024*,6.8,40.4
Utrecht,4713,Particuliere huishoudens excl. studenten,2024*,170.0,43.7
Utrechtse Heuvelrug,226,Particuliere huishoudens excl. studenten,2024*,21.7,50.6
Vaals,50,Particuliere huishoudens excl. studenten,2024*,4.9,34.7
Valkenburg aan de Geul,63,Particuliere huishoudens excl. studenten,2024*,7.9,40.6
Valkenswaard,218,Particuliere huishoudens excl. studenten,2024*,14.8,42.2
Veendam,116,Particuliere huishoudens excl. studenten,2024*,12.7,36.3
Veenendaal,537,Particuliere huishoudens excl. studenten,2024*,29.4,41.5
Veere,235,Particuliere huishoudens excl. studenten,2024*,9.7,44.7
Veldhoven,456,Particuliere huishoudens excl. studenten,2024*,20.7,45.1
Velsen,416,Particuliere huishoudens excl. studenten,2024*,31.5,41.3
Venlo,640,Particuliere huishoudens excl. studenten,2024*,48.4,38.7
Venray,247,Particuliere huishoudens excl. studenten,2024*,20.0,40.7
Vijfheerenlanden,363,Particuliere huishoudens excl. studenten,2024*,25.3,43.4
Vlaardingen,721,Particuliere huishoudens excl. studenten,2024*,35.7,37.9
Vlieland,6,Particuliere huishoudens excl. studenten,2024*,0.7,
Vlissingen,241,Particuliere huishoudens excl. studenten,2024*,22.5,36.6
Voerendaal,64,Particuliere huishoudens excl. studenten,2024*,5.6,42.5
Voorne aan Zee,778,Particuliere huishoudens excl. studenten,2024*,33.5,47.1
Voorschoten,245,Particuliere huishoudens excl. studenten,2024*,11.2,49.6
Voorst,190,Particuliere huishoudens excl. studenten,2024*,10.6,45.7
Vught,354,Particuliere huishoudens excl. studenten,2024*,13.7,58.7
Waadhoeke,126,Particuliere huishoudens excl. studenten,2024*,20.7,37.9
Waalre,107,Particuliere huishoudens excl. studenten,2024*,7.9,60.4
Waalwijk,443,Particuliere huishoudens excl. studenten,2024*,22.9,40.8
Waddinxveen,332,Particuliere huishoudens excl. studenten,2024*,13.8,43.4
Wageningen,274,Particuliere huishoudens excl. studenten,2024*,16.7,39.6
Wassenaar,323,Particuliere huishoudens excl. studenten,2024*,11.7,77.7
Waterland,157,Particuliere huishoudens excl. studenten,2024*,7.8,49.3
Weert,270,Particuliere huishoudens excl. studenten,2024*,23.5,41.4
West Betuwe,364,Particuliere huishoudens excl. studenten,2024*,21.4,47.2
West Maas en Waal,48,Particuliere huishoudens excl. studenten,2024*,8.8,43.0
Westerkwartier,309,Particuliere huishoudens excl. studenten,2024*,27.3,40.6
Westerveld,58,Particuliere huishoudens excl. studenten,2024*,8.9,43.6
Westervoort,90,Particuliere huishoudens excl. studenten,2024*,6.7,38.5
Westerwolde,70,Particuliere huishoudens excl. studenten,2024*,11.3,37.1
Westland,984,Particuliere huishoudens excl. studenten,2024*,49.4,48.4
Weststellingwerf,56,Particuliere huishoudens excl. studenten,2024*,11.7,37.8
Wierden,118,Particuliere huishoudens excl. studenten,2024*,9.9,48.6
Wijchen,373,Particuliere huishoudens excl. studenten,2024*,18.1,42.6
Wijdemeren,189,Particuliere huishoudens excl. studenten,2024*,10.8,57.0
Wijk bij Duurstede,42,Particuliere huishoudens excl. studenten,2024*,10.4,44.6
Winterswijk,98,Particuliere huishoudens excl. studenten,2024*,13.0,39.8
Woensdrecht,140,Particuliere huishoudens excl. studenten,2024*,9.9,42.6
Woerden,507,Particuliere huishoudens excl. studenten,2024*,22.8,47.3
Wormerland,108,Particuliere huishoudens excl. studenten,2024*,7.3,43.2
Woudenberg,51,Particuliere huishoudens excl. studenten,2024*,5.6,45.0
Zaanstad,1031,Particuliere huishoudens excl. studenten,2024*,71.9,39.6
Zaltbommel,197,Particuliere huishoudens excl. studenten,2024*,12.6,42.7
Zandvoort,104,Particuliere huishoudens excl. studenten,2024*,8.7,46.5
Zeewolde,180,Particuliere huishoudens excl. studenten,2024*,10.3,43.1
Zeist,668,Particuliere huishoudens excl. studenten,2024*,29.1,52.4
Zevenaar,241,Particuliere huishoudens excl. studenten,2024*,20.5,39.3
Zoetermeer,1237,Particuliere huishoudens excl. studenten,2024*,57.1,40.9
Zoeterwoude,26,Particuliere huishoudens excl. studenten,2024*,4.1,46.2
Zuidplas,479,Particuliere huishoudens excl. studenten,2024*,19.3,48.2
Zundert,92,Particuliere huishoudens excl. studenten,2024*,9.9,43.5
Zutphen,305,Particuliere huishoudens excl. studenten,2024*,22.9,38.5
Zwartewaterland,146,Particuliere huishoudens excl. studenten,2024*,9.0,45.2
Zwijndrecht,449,Particuliere huishoudens excl. studenten,2024*,20.3,40.9
Zwolle,1413,Particuliere huishoudens excl. studenten,2024*,60.5,41.3
