"Gemeenten";"aantallen laadpunten per gemeente|Regulier Publiek|Juli 2026"
"Aa en Hunze";89
"Aalsmeer";316
"Aalten";138
"Achtkarspelen";54
"Alblasserdam";183
"Albrandswaard";340
"Alkmaar";979
"Almelo";267
"Almere";2429
"Alphen aan den Rijn";1185
"Alphen-Chaam";54
"Altena";174
"Ameland";4
"Amersfoort";1297
"Amstelveen";1221
"Amsterdam";10746
"Apeldoorn";1005
"Arnhem";1293
"Assen";333
"Asten";56
"Baarle-Nassau";30
"Baarn";103
"Barendrecht";644
"Barneveld";537
"Beek";72
"Beekdaelen";169
"Beesel";74
"Berg en Dal";147
"Bergeijk";96
"Bergen (L.)";95
"Bergen (NH.)";279
"Bergen op Zoom";606
"Berkelland";26
"Bernheze";194
"Best";208
"Beuningen";136
"Beverwijk";235
"Bladel";104
"Blaricum";64
"Bloemendaal";169
"Bodegraven-Reeuwijk";316
"Boekel";42
"Borger-Odoorn";70
"Borne";176
"Borsele";137
"Boxtel";202
"Breda";2499
"Bronckhorst";144
"Brummen";126
"Brunssum";148
"Bunnik";92
"Bunschoten";74
"Buren";140
"Capelle aan den IJssel";650
"Castricum";314
"Coevorden";106
"Cranendonck";56
"Culemborg";433
"Dalfsen";120
"Dantumadiel";20
"De Bilt";288
"De Fryske Marren";117
"De Ronde Venen";343
"De Wolden";98
"Delft";849
"Den Haag";7248
"Den Helder";215
"Deurne";224
"Deventer";659
"Diemen";320
"Dijk en Waard";593
"Dinkelland";68
"Doesburg";102
"Doetinchem";326
"Dongen";307
"Dordrecht";1521
"Drechterland";72
"Drimmelen";263
"Dronten";168
"Druten";94
"Duiven";176
"Echt-Susteren";173
"Edam-Volendam";265
"Ede";1005
"Eemnes";102
"Eemsdelta";214
"Eersel";144
"Eijsden-Margraten";133
"Eindhoven";2045
"Elburg";202
"Emmen";447
"Enkhuizen";74
"Enschede";818
"Epe";138
"Ermelo";212
"Etten-Leur";403
"Geertruidenberg";260
"Geldrop-Mierlo";318
"Gemert-Bakel";154
"Gennep";92
"Gilze en Rijen";207
"Goeree-Overflakkee";498
"Goes";164
"Goirle";204
"Gooise Meren";515
"Gorinchem";282
"Gouda";637
"Groningen";1191
"Gulpen-Wittem";82
"Haaksbergen";108
"Haarlem";935
"Haarlemmermeer";823
"Halderberge";185
"Hardenberg";265
"Harderwijk";580
"Hardinxveld-Giessendam";179
"Harlingen";94
"Hattem";110
"Heemskerk";266
"Heemstede";271
"Heerde";104
"Heerenveen";196
"Heerlen";505
"Heeze-Leende";68
"Heiloo";206
"Hellendoorn";170
"Helmond";492
"Hendrik-Ido-Ambacht";340
"Hengelo";436
"Het Hogeland";194
"Heumen";96
"Heusden";277
"Hillegom";142
"Hilvarenbeek";75
"Hilversum";423
"Hoeksche Waard";873
"Hof van Twente";123
"Hollands Kroon";192
"Hoogeveen";168
"Hoorn";532
"Horst aan de Maas";226
"Houten";420
"Huizen";290
"Hulst";159
"IJsselstein";296
"Kaag en Braassem";286
"Kampen";365
"Kapelle";124
"Katwijk";908
"Kerkrade";343
"Koggenland";106
"Krimpen aan den IJssel";332
"Krimpenerwaard";468
"Laarbeek";134
"Land van Cuijk";451
"Landgraaf";239
"Landsmeer";102
"Lansingerland";749
"Laren";60
"Leeuwarden";472
"Leiden";1183
"Leiderdorp";403
"Leidschendam-Voorburg";757
"Lelystad";469
"Leudal";166
"Leusden";194
"Lingewaard";369
"Lisse";97
"Lochem";164
"Loon op Zand";446
"Lopik";58
"Losser";88
"Maasdriel";148
"Maasgouw";103
"Maashorst";468
"Maassluis";373
"Maastricht";929
"Medemblik";170
"Meerssen";80
"Meierijstad";643
"Meppel";227
"Middelburg";301
"Midden-Delfland";253
"Midden-Drenthe";98
"Midden-Groningen";174
"Moerdijk";317
"Molenlanden";144
"Montferland";136
"Montfoort";93
"Mook en Middelaar";52
"Neder-Betuwe";132
"Nederweert";96
"Nieuwegein";865
"Nieuwkoop";367
"Nijkerk";436
"Nijmegen";1562
"Nissewaard";938
"Noardeast-Fryslân";79
"Noord-Beveland";57
"Noordenveld";172
"Noordoostpolder";212
"Noordwijk";323
"Nuenen, Gerwen en Nederwetten";180
"Nunspeet";206
"Oegstgeest";266
"Oirschot";132
"Oisterwijk";242
"Oldambt";134
"Oldebroek";126
"Oldenzaal";131
"Olst-Wijhe";102
"Ommen";78
"Oost Gelre";211
"Oosterhout";511
"Ooststellingwerf";44
"Oostzaan";63
"Opmeer";70
"Opsterland";62
"Oss";620
"Oude IJsselstreek";114
"Ouder-Amstel";149
"Oudewater";56
"Overbetuwe";320
"Papendrecht";401
"Peel en Maas";194
"Pekela";18
"Pijnacker-Nootdorp";609
"Purmerend";611
"Putten";154
"Raalte";184
"Reimerswaal";98
"Renkum";8
"Renswoude";14
"Reusel-De Mierden";52
"Rheden";248
"Rhenen";87
"Ridderkerk";499
"Rijssen-Holten";149
"Rijswijk";481
"Roerdalen";64
"Roermond";374
"Roosendaal";518
"Rotterdam";7984
"Rozendaal";15
"Rucphen";58
"Schagen";249
"Scherpenzeel";132
"Schiedam";759
"Schiermonnikoog";4
"Schouwen-Duiveland";358
"'s-Hertogenbosch";1817
"Simpelveld";64
"Sint-Michielsgestel";188
"Sittard-Geleen";310
"Sliedrecht";239
"Sluis";361
"Smallingerland";177
"Soest";375
"Someren";84
"Son en Breugel";127
"Stadskanaal";104
"Staphorst";72
"Stede Broec";92
"Steenbergen";191
"Steenwijkerland";267
"Stein";113
"Stichtse Vecht";387
"Súdwest-Fryslân";379
"Terneuzen";501
"Terschelling";26
"Texel";60
"Teylingen";272
"Tholen";188
"Tiel";255
"Tilburg";2245
"Tubbergen";70
"Twenterand";157
"Tynaarlo";131
"Tytsjerksteradiel";92
"Uitgeest";146
"Uithoorn";180
"Urk";72
"Utrecht";4713
"Utrechtse Heuvelrug";226
"Vaals";50
"Valkenburg aan de Geul";63
"Valkenswaard";218
"Veendam";116
"Veenendaal";537
"Veere";235
"Veldhoven";456
"Velsen";416
"Venlo";640
"Venray";247
"Vijfheerenlanden";363
"Vlaardingen";721
"Vlieland";6
"Vlissingen";241
"Voerendaal";64
"Voorne aan Zee";778
"Voorschoten";245
"Voorst";190
"Vught";354
"Waadhoeke";126
"Waalre";107
"Waalwijk";443
"Waddinxveen";332
"Wageningen";274
"Wassenaar";323
"Waterland";157
"Weert";270
"West Betuwe";364
"West Maas en Waal";48
"Westerkwartier";309
"Westerveld";58
"Westervoort";90
"Westerwolde";70
"Westland";984
"Weststellingwerf";56
"Wierden";118
"Wijchen";373
"Wijdemeren";189
"Wijk bij Duurstede";42
"Winterswijk";98
"Woensdrecht";140
"Woerden";507
"Wormerland";108
"Woudenberg";51
"Zaanstad";1031
"Zaltbommel";197
"Zandvoort";104
"Zeewolde";180
"Zeist";668
"Zevenaar";241
"Zoetermeer";1237
"Zoeterwoude";26
"Zuidplas";479
"Zundert";92
"Zutphen";305
"Zwartewaterland";146
"Zwijndrecht";449
"Zwolle";1413
"Totaal";138311
