Gemeente;Totaal, 0 tot 25;Jonger dan 4;4 tot 12;12 tot 18;18 tot 25
Aa en Hunze;22,8;3,0;7,2;6,2;6,4
Aalsmeer;28,3;3,2;8,1;7,9;9,1
Aalten;25,8;3,5;7,8;6,7;7,8
Achtkarspelen;28,4;3,8;8,4;7,3;8,9
Alblasserdam;30,3;4,6;9,8;7,7;8,2
Albrandswaard;28,3;3,7;8,7;7,8;8,2
Alkmaar;25,4;3,7;7,7;6,3;7,7
Almelo;26,6;3,6;7,6;6,7;8,7
Almere;30,0;4,6;9,7;7,2;8,5
Alphen aan den Rijn;27,0;4,1;8,2;6,9;7,9
Alphen-Chaam;23,9;3,2;7,9;6,1;6,7
Altena;28,6;4,0;8,9;7,3;8,4
Ameland;24,3;3,6;7,4;6,1;7,2
Amersfoort;28,3;4,2;8,8;7,2;8,1
Amstelveen;29,5;3,3;9,3;7,7;9,2
Amsterdam;25,8;3,6;6,6;5,1;10,5
Apeldoorn;26,1;3,5;8,0;6,6;8,0
Arnhem;27,7;3,6;7,8;6,5;9,8
Assen;26,7;3,5;7,7;7,0;8,5
Asten;25,5;3,9;7,7;6,1;7,8
Baarle-Nassau;22,6;3,3;7,1;5,6;6,7
Baarn;25,0;3,6;8,5;6,8;6,1
Barendrecht;29,3;3,4;8,8;8,0;9,0
Barneveld;34,4;5,6;11,5;8,4;9,0
Beek (L.);21,9;3,2;7,0;5,5;6,4
Beekdaelen;22,1;3,3;7,1;5,6;6,1
Beesel;23,6;3,6;7,2;5,7;7,1
Berg en Dal;23,3;3,3;7,1;5,8;7,0
Bergeijk;24,3;3,4;7,5;5,9;7,4
Bergen (L.);21,9;2,9;6,7;5,5;6,8
Bergen (NH.);20,5;2,2;5,9;5,8;6,6
Bergen op Zoom;25,3;3,7;7,8;6,4;7,4
Berkelland;24,0;3,1;6,8;6,3;7,8
Bernheze;26,4;3,8;8,0;6,4;8,2
Best;25,9;3,9;8,1;6,3;7,5
Beuningen;25,5;3,9;8,4;6,0;7,1
Beverwijk;26,3;4,0;8,2;6,3;7,7
De Bilt;27,6;3,8;9,5;7,7;6,5
Bladel;24,8;3,5;7,4;6,3;7,6
Blaricum;29,3;3,9;12,2;7,4;5,8
Bloemendaal;27,2;2,7;9,1;9,3;6,0
Bodegraven-Reeuwijk;29,0;4,5;9,5;6,9;8,1
Boekel;27,2;4,6;8,0;6,2;8,4
Borger-Odoorn;23,6;3,2;7,4;6,1;6,9
Borne;27,8;4,2;9,5;7,1;7,1
Borsele;27,2;4,0;8,7;7,0;7,5
Boxtel;25,3;3,5;7,3;6,5;8,1
Breda;27,7;3,6;7,5;6,4;10,3
Bronckhorst;22,9;2,8;6,5;5,9;7,7
Brummen;22,8;3,3;7,0;5,7;6,9
Brunssum;21,7;2,9;6,6;5,5;6,7
Bunnik;28,5;3,9;9,7;7,7;7,2
Bunschoten;30,7;4,5;10,0;7,7;8,5
Buren;25,6;3,6;7,9;6,6;7,5
Capelle aan den IJssel;26,8;3,9;8,3;6,6;8,0
Castricum;25,1;3,4;7,9;6,3;7,5
Coevorden;24,0;2,9;7,2;6,2;7,7
Cranendonck;24,1;3,5;7,2;6,3;7,0
Culemborg;27,1;4,2;8,8;7,0;7,1
Dalfsen;27,9;3,8;8,9;7,1;8,0
Dantumadiel;27,5;3,9;8,7;7,2;7,8
Delft;32,3;3,0;6,5;5,0;17,8
Deurne;25,8;3,7;8,1;6,5;7,5
Deventer;26,7;3,8;7,7;6,6;8,6
Diemen;29,0;3,8;7,8;5,6;11,8
Dijk en Waard;28,2;3,9;8,8;7,2;8,3
Dinkelland;26,4;3,9;7,7;6,0;8,7
Doesburg;21,3;2,9;6,2;5,6;6,6
Doetinchem;25,7;3,5;7,8;6,4;8,0
Dongen;25,3;3,8;8,2;6,0;7,4
Dordrecht;26,1;3,9;7,9;6,4;7,9
Drechterland;26,8;3,7;8,4;6,7;8,0
Drimmelen;24,5;3,7;7,4;6,1;7,4
Dronten;28,8;3,8;8,3;7,1;9,6
Druten;25,3;3,7;7,5;6,2;8,0
Duiven;25,0;3,2;7,3;6,7;7,8
Echt-Susteren;21,8;3,1;6,5;5,5;6,6
Edam-Volendam;26,7;3,7;7,8;6,5;8,7
Ede;30,0;4,5;9,5;7,0;9,0
Eemnes;27,0;3,6;8,9;6,6;7,9
Eemsdelta;24,2;3,4;7,2;6,1;7,5
Eersel;24,7;3,7;8,1;6,1;6,7
Eijsden-Margraten;23,8;3,8;8,2;5,9;5,8
Eindhoven;27,8;3,4;7,1;5,6;11,7
Elburg;29,3;4,0;9,3;7,7;8,4
Emmen;24,9;3,3;7,2;6,4;8,0
Enkhuizen;25,5;3,4;7,9;6,7;7,6
Enschede;29,4;3,2;7,2;6,2;12,7
Epe;24,8;3,2;8,1;6,4;7,1
Ermelo;26,1;3,3;8,1;6,8;7,8
Etten-Leur;26,4;3,6;8,2;6,9;7,6
De Fryske Marren;25,6;3,4;7,8;6,9;7,5
Geertruidenberg;25,1;3,3;7,5;6,7;7,6
Geldrop-Mierlo;25,7;3,6;8,0;6,4;7,7
Gemert-Bakel;26,4;3,8;8,4;6,9;7,3
Gennep;23,5;3,1;6,6;6,4;7,4
Gilze en Rijen;26,6;3,8;8,1;6,7;7,9
Goeree-Overflakkee;26,1;3,5;8,3;6,5;7,8
Goes;24,7;3,4;7,4;6,5;7,4
Goirle;26,3;3,5;8,1;7,6;7,0
Gooise Meren;28,6;4,2;10,2;8,1;6,1
Gorinchem;26,6;3,8;8,4;6,4;7,9
Gouda;26,7;4,2;7,9;6,4;8,2
's-Gravenhage (gemeente);28,2;3,7;8,1;6,6;9,7
Groningen (gemeente);32,8;2,9;6,0;4,9;18,9
Gulpen-Wittem;19,5;2,6;6,3;4,9;5,7
Haaksbergen;25,2;3,4;7,6;6,6;7,6
Haarlem;26,5;4,1;8,7;6,6;7,2
Haarlemmermeer;28,6;3,8;8,6;7,2;9,1
Halderberge;24,8;3,5;7,8;6,2;7,3
Hardenberg;28,7;3,9;8,8;7,2;8,7
Harderwijk;28,0;3,8;8,7;7,2;8,3
Hardinxveld-Giessendam;31,7;5,0;10,2;7,7;8,8
Harlingen;24,4;3,0;7,2;6,6;7,6
Hattem;28,1;4,1;9,1;7,4;7,5
Heemskerk;25,3;3,7;7,9;6,3;7,4
Heemstede;26,6;3,3;9,8;7,9;5,5
Heerde;25,9;3,5;8,0;7,1;7,3
Heerenveen;25,9;3,4;7,9;6,8;7,8
Heerlen;22,9;3,2;6,9;5,6;7,3
Heeze-Leende;24,3;3,7;7,8;5,7;7,1
Heiloo;24,7;3,2;7,7;6,4;7,4
Den Helder;24,2;3,5;7,5;5,8;7,4
Hellendoorn;26,7;3,5;8,1;6,8;8,3
Helmond;26,5;3,7;7,9;6,7;8,2
Hendrik-Ido-Ambacht;31,6;4,6;10,8;8,2;8,0
Hengelo (O.);25,7;3,5;7,0;6,4;8,8
's-Hertogenbosch;25,7;3,7;7,6;6,2;8,2
Heumen;24,9;3,4;7,7;6,7;7,1
Heusden;25,5;3,7;8,0;6,5;7,2
Hillegom;25,1;4,0;7,9;6,0;7,2
Hilvarenbeek;25,0;3,8;7,8;5,9;7,5
Hilversum;27,0;3,9;8,9;7,0;7,2
Hoeksche Waard;26,2;3,6;8,3;6,7;7,7
Hof van Twente;25,1;3,3;7,2;6,5;8,1
Het Hogeland;25,4;3,4;8,0;6,7;7,3
Hollands Kroon;25,8;3,7;7,7;6,2;8,3
Hoogeveen;26,8;3,4;7,8;7,1;8,5
Hoorn;27,0;4,0;8,4;6,6;7,9
Horst aan de Maas;24,2;3,4;7,1;6,0;7,9
Houten;29,0;3,9;9,0;7,8;8,3
Huizen;25,3;3,7;8,0;6,5;7,0
Hulst;21,3;2,9;7,0;5,6;5,7
IJsselstein;27,6;3,6;7,9;7,1;9,0
Kaag en Braassem;25,9;4,3;8,1;6,2;7,2
Kampen;30,9;4,4;9,7;7,9;8,9
Kapelle;28,2;3,7;8,7;7,8;7,9
Katwijk;29,9;4,2;9,3;7,6;8,7
Kerkrade;21,6;3,0;6,5;5,6;6,5
Koggenland;27,2;4,1;7,9;6,4;8,7
Krimpen aan den IJssel;29,0;4,1;9,2;7,3;8,4
Krimpenerwaard;28,5;4,3;8,8;6,9;8,5
Laarbeek;25,5;3,9;7,7;6,4;7,6
Land van Cuijk;24,4;3,6;7,3;5,8;7,7
Landgraaf;21,6;3,0;6,7;5,7;6,3
Landsmeer;27,5;3,1;9,4;7,7;7,3
Lansingerland;31,7;4,3;10,6;8,8;8,0
Laren (NH.);24,1;3,2;8,5;7,1;5,4
Leeuwarden;28,7;3,5;7,5;6,1;11,6
Leiden;29,4;2,8;6,2;5,1;15,4
Leiderdorp;26,2;3,9;8,2;6,6;7,5
Leidschendam-Voorburg;25,6;3,7;8,5;6,8;6,7
Lelystad;29,1;4,2;9,0;7,3;8,6
Leudal;22,3;3,3;6,5;5,4;7,1
Leusden;26,6;3,9;8,6;6,9;7,2
Lingewaard;26,3;3,5;7,7;7,1;7,9
Lisse;25,4;3,5;7,8;6,6;7,5
Lochem;22,9;2,9;6,9;6,3;6,8
Loon op Zand;25,1;3,7;8,1;6,0;7,3
Lopik;28,5;4,1;8,7;6,5;9,2
Losser;25,4;3,4;7,8;6,6;7,7
Maasdriel;25,5;3,5;8,0;6,3;7,7
Maasgouw;20,7;3,3;6,5;4,7;6,2
Maashorst;25,8;3,7;8,0;6,3;7,8
Maassluis;27,6;4,4;9,2;6,5;7,6
Maastricht;31,0;2,5;5,4;4,4;18,6
Medemblik;26,4;3,4;8,0;6,7;8,3
Meerssen;21,9;3,1;6,8;5,5;6,5
Meierijstad;25,6;3,7;7,9;6,3;7,6
Meppel;27,5;3,7;7,8;6,9;9,1
Middelburg (Z.);27,3;3,6;8,2;6,7;8,8
Midden-Delfland;27,9;3,7;8,9;7,4;7,9
Midden-Drenthe;24,3;3,3;7,5;6,1;7,5
Midden-Groningen;24,5;3,4;7,4;6,4;7,4
Moerdijk;24,3;3,5;7,3;6,3;7,3
Molenlanden;30,6;4,3;9,3;7,7;9,2
Montferland;24,0;3,3;7,4;5,7;7,6
Montfoort;28,9;3,8;8,7;7,2;9,1
Mook en Middelaar;21,4;3,1;5,9;5,4;6,9
Neder-Betuwe;34,2;5,7;11,3;8,1;9,1
Nederweert;23,6;3,5;7,3;5,7;7,0
Nieuwegein;25,3;4,1;8,0;6,0;7,3
Nieuwkoop;25,7;3,9;8,4;6,1;7,3
Nijkerk;29,3;4,1;9,2;7,6;8,4
Nijmegen;30,0;3,5;6,9;5,3;14,3
Nissewaard;26,6;3,9;8,6;6,7;7,3
Noardeast-Fryslân;27,6;3,6;8,2;7,3;8,4
Noord-Beveland;19,3;2,5;6,0;5,0;5,8
Noordenveld;23,3;3,2;7,5;6,4;6,2
Noordoostpolder;29,7;4,4;9,3;7,2;8,8
Noordwijk;24,8;3,6;7,7;6,3;7,2
Nuenen, Gerwen en Nederwetten;25,6;4,0;8,7;6,2;6,6
Nunspeet;30,4;4,8;10,1;7,5;8,0
Oegstgeest;28,4;3,8;9,8;7,8;7,0
Oirschot;24,6;3,7;7,1;6,2;7,6
Oisterwijk;24,8;3,6;7,3;6,5;7,5
Oldambt;23,8;3,2;6,8;6,1;7,6
Oldebroek;29,4;3,9;9,4;7,8;8,2
Oldenzaal;25,6;3,3;7,2;7,3;7,9
Olst-Wijhe;25,5;3,6;7,7;6,3;8,0
Ommen;26,7;3,6;8,4;7,1;7,6
Oost Gelre;25,2;3,8;7,6;6,2;7,7
Oosterhout;25,4;3,8;8,1;6,5;6,9
Ooststellingwerf;23,9;3,2;7,4;6,4;7,0
Oostzaan;26,2;3,4;8,7;6,4;7,8
Opmeer;26,3;4,3;8,0;5,9;8,2
Opsterland;26,0;3,5;8,0;6,8;7,6
Oss;25,4;3,6;7,8;6,1;8,0
Oude IJsselstreek;24,1;3,0;6,9;6,2;7,9
Ouder-Amstel;27,7;3,6;9,2;7,0;7,9
Oudewater;26,7;3,8;8,2;7,0;7,7
Overbetuwe;27,6;3,7;8,8;7,3;7,7
Papendrecht;26,9;3,8;8,2;7,0;7,9
Peel en Maas;24,3;3,5;7,2;5,8;7,8
Pekela;25,5;3,5;8,0;6,9;7,1
Pijnacker-Nootdorp;30,7;3,8;9,4;8,4;9,1
Purmerend;25,6;3,9;8,0;6,2;7,6
Putten;28,8;4,1;8,8;7,5;8,4
Raalte;26,0;3,6;8,2;6,5;7,7
Reimerswaal;32,3;4,8;10,5;8,0;8,9
Renkum;21,9;2,6;6,8;6,5;6,0
Renswoude;33,8;5,8;11,2;7,7;9,2
Reusel-De Mierden;26,6;3,8;8,7;6,7;7,4
Rheden;23,9;3,0;7,1;6,4;7,5
Rhenen;28,2;4,0;8,6;7,2;8,4
Ridderkerk;26,6;3,8;8,8;6,6;7,4
Rijssen-Holten;31,7;4,4;10,0;8,3;9,0
Rijswijk (ZH.);27,3;4,4;9,3;6,3;7,3
Roerdalen;21,4;3,1;6,7;5,5;6,1
Roermond;24,3;3,5;7,3;6,2;7,3
De Ronde Venen;26,4;3,9;8,7;6,4;7,4
Roosendaal;24,9;3,3;7,6;6,2;7,8
Rotterdam;28,3;3,9;7,9;6,1;10,4
Rozendaal;29,1;3,0;9,4;9,1;7,5
Rucphen;23,1;3,4;7,7;5,6;6,4
Schagen;25,3;3,2;7,1;6,6;8,3
Scherpenzeel;30,7;5,2;10,0;7,6;7,9
Schiedam;26,7;4,3;8,4;6,1;7,9
Schiermonnikoog;17,1;1,9;5,1;3,6;6,5
Schouwen-Duiveland;22,8;3,2;7,6;5,8;6,2
Simpelveld;21,5;2,8;6,7;5,6;6,5
Sint-Michielsgestel;26,3;3,9;8,5;7,0;7,0
Sittard-Geleen;22,3;3,1;6,4;5,4;7,4
Sliedrecht;28,9;4,5;9,4;7,2;7,8
Sluis;20,7;3,0;6,5;5,3;5,9
Smallingerland;27,0;3,7;8,2;7,2;8,0
Soest;26,2;3,9;8,4;6,9;7,2
Someren;25,5;4,3;8,6;5,6;6,9
Son en Breugel;27,2;4,0;8,9;7,1;7,1
Stadskanaal;24,5;3,3;7,3;6,3;7,6
Staphorst;36,1;5,3;11,6;8,9;10,2
Stede Broec;26,7;3,7;8,4;6,7;7,9
Steenbergen;23,9;3,4;7,6;5,7;7,2
Steenwijkerland;25,6;3,5;8,1;6,3;7,6
Stein (L.);21,0;2,9;6,5;5,2;6,4
Stichtse Vecht;26,7;4,0;8,6;7,1;7,0
Súdwest-Fryslân;26,0;3,5;7,9;6,9;7,7
Terneuzen;23,3;3,4;7,4;6,0;6,6
Terschelling;23,8;3,0;6,4;4,8;9,7
Texel;21,7;3,4;6,8;5,4;6,1
Teylingen;26,7;3,9;8,3;6,5;8,1
Tholen;29,2;4,6;9,4;7,3;7,8
Tiel;26,1;3,5;7,7;6,6;8,4
Tilburg;28,5;3,5;7,3;5,9;11,8
Tubbergen;28,0;4,3;8,0;6,5;9,2
Twenterand;29,5;3,9;8,8;7,9;8,9
Tynaarlo;25,9;3,6;9,3;7,1;5,9
Tytsjerksteradiel;27,0;3,6;8,4;7,2;7,8
Uitgeest;26,9;3,8;8,3;6,5;8,2
Uithoorn;28,3;4,0;9,5;6,9;7,9
Urk;42,4;6,9;13,9;10,8;10,7
Utrecht (gemeente);30,5;4,1;8,2;6,1;12,1
Utrechtse Heuvelrug;26,3;3,3;8,9;7,0;7,0
Vaals;22,2;2,1;5,9;4,8;9,4
Valkenburg aan de Geul;19,6;2,4;6,0;5,1;6,0
Valkenswaard;23,0;3,6;7,3;5,6;6,6
Veendam;25,1;3,3;7,0;7,0;7,8
Veenendaal;29,8;4,6;9,6;7,0;8,5
Veere;24,9;3,5;8,4;6,3;6,7
Veldhoven;25,2;3,4;8,3;6,5;7,1
Velsen;25,6;3,8;8,0;6,4;7,4
Venlo;24,6;3,3;7,2;6,0;8,1
Venray;23,9;3,2;7,4;6,0;7,4
Vijfheerenlanden;28,7;4,9;9,6;6,5;7,7
Vlaardingen;27,0;4,0;8,8;6,5;7,6
Vlieland;19,2;2,7;4,4;3,3;8,8
Vlissingen;24,4;3,1;7,0;6,0;8,2
Voerendaal;22,9;3,3;7,9;5,8;5,9
Voorne aan Zee;24,4;3,3;7,6;6,4;7,1
Voorschoten;27,1;3,3;8,5;7,6;7,7
Voorst;26,4;3,5;8,5;7,2;7,2
Vught;26,5;3,8;9,0;7,3;6,3
Waadhoeke;26,0;3,4;8,0;6,7;7,8
Waalre;26,1;3,5;9,0;7,4;6,3
Waalwijk;25,4;3,6;7,7;6,1;7,9
Waddinxveen;30,3;5,9;10,8;6,6;6,9
Wageningen;33,6;2,7;6,1;5,1;19,7
Wassenaar;27,0;2,8;8,3;8,2;7,8
Waterland;25,3;2,9;8,2;7,0;7,3
Weert;23,6;3,4;7,1;5,8;7,3
West Betuwe;28,0;4,1;8,6;6,9;8,4
West Maas en Waal;24,3;3,8;7,8;6,0;6,8
Westerkwartier;27,3;4,0;8,8;7,2;7,3
Westerveld;21,7;2,8;6,8;5,7;6,4
Westervoort;25,0;3,9;8,4;6,0;6,7
Westerwolde;22,4;2,8;6,7;6,2;6,7
Westland;27,9;4,1;8,8;6,9;8,2
Weststellingwerf;24,7;3,4;7,9;6,4;7,1
Wierden;28,2;3,9;8,8;7,4;8,2
Wijchen;25,4;3,5;7,3;6,6;7,9
Wijdemeren;24,7;3,3;8,1;6,5;6,8
Wijk bij Duurstede;26,1;3,6;8,5;6,7;7,3
Winterswijk;25,0;3,3;7,4;6,2;8,1
Woensdrecht;22,6;3,1;7,1;5,8;6,6
Woerden;28,3;3,9;8,7;7,4;8,2
De Wolden;25,1;3,2;8,3;6,4;7,3
Wormerland;25,4;3,4;7,8;6,3;7,9
Woudenberg;31,8;5,1;10,5;7,8;8,5
Zaanstad;27,4;4,1;8,6;6,4;8,2
Zaltbommel;30,2;4,4;9,2;7,2;9,4
Zandvoort;21,3;2,7;6,6;5,7;6,3
Zeewolde;28,1;3,9;8,6;6,9;8,8
Zeist;27,9;3,6;9,1;7,2;8,0
Zevenaar;24,3;3,5;7,4;6,1;7,3
Zoetermeer;27,9;3,9;8,9;7,2;7,9
Zoeterwoude;24,6;4,2;7,2;6,1;7,1
Zuidplas;29,7;4,6;10,3;7,2;7,6
Zundert;23,5;3,6;7,3;5,8;6,7
Zutphen;24,5;3,2;7,0;6,5;7,8
Zwartewaterland;32,7;4,9;10,4;8,2;9,1
Zwijndrecht;26,5;3,8;8,4;6,6;7,6
Zwolle;28,9;4,0;8,4;7,2;9,2
