gemeente,laadpunten_regulier_publiek,huishoudens,gem_gestandaardiseerd_inkomen_keur,med_gestandaardiseerd_inkomen_keur,gem_besteedbaar_inkomen_keur,med_besteedbaar_inkomen_keur,laadpunten_per_1000_huishoudens
's-Hertogenbosch,1817,75500,44.3,38.0,62.9,49.0,24.07
Aa en Hunze,89,11400,42.6,38.9,62.5,54.0,7.81
Aalsmeer,316,14200,52.1,40.0,77.4,56.2,22.25
Aalten,138,11700,40.5,36.4,60.3,50.4,11.79
Achtkarspelen,54,12000,36.3,33.7,54.0,46.3,4.5
Alblasserdam,183,8500,41.8,36.4,63.1,50.2,21.53
Albrandswaard,340,10600,51.3,43.8,78.6,64.2,32.08
Alkmaar,979,53800,40.4,37.1,56.8,47.4,18.2
Almelo,267,33500,39.3,33.5,56.4,44.1,7.97
Almere,2429,95100,41.3,38.4,61.2,53.7,25.54
Alphen aan den Rijn,1185,50300,44.0,39.5,64.6,54.4,23.56
Alphen-Chaam,54,4400,48.3,41.3,73.5,59.4,12.27
Altena,174,23700,43.3,38.4,66.0,55.2,7.34
Ameland,4,1800,,33.7,,44.3,2.22
Amersfoort,1297,71500,43.9,39.9,63.9,53.9,18.14
Amstelveen,1221,41800,51.2,39.9,75.1,52.0,29.21
Amsterdam,10746,473200,45.6,35.1,60.8,42.0,22.71
Apeldoorn,1005,75400,42.7,37.2,61.1,49.7,13.33
Arnhem,1293,80400,37.9,34.0,52.1,41.7,16.08
Assen,333,32100,38.5,35.8,54.3,46.2,10.37
Asten,56,7400,44.1,37.7,66.2,52.7,7.57
Baarle-Nassau,30,3100,42.4,37.5,62.8,49.8,9.68
Baarn,103,11200,49.8,39.6,72.3,52.0,9.2
Barendrecht,644,19600,48.2,42.7,73.8,62.7,32.86
Barneveld,537,23400,44.7,38.8,70.0,58.5,22.95
Beek,72,7600,40.5,37.3,58.0,49.2,9.47
Beekdaelen,169,16300,42.2,37.8,60.9,51.2,10.37
Beesel,74,6000,38.6,35.8,56.3,48.6,12.33
Berg en Dal,147,16200,42.8,36.5,61.7,48.1,9.07
Bergeijk,96,8300,46.3,40.1,69.4,56.8,11.57
Bergen (L.),95,5700,40.2,37.0,59.7,51.8,16.67
Bergen (NH.),279,14100,57.2,39.8,81.8,51.8,19.79
Bergen op Zoom,606,31500,40.1,36.4,57.7,48.3,19.24
Berkelland,26,19100,40.2,37.2,59.3,51.2,1.36
Bernheze,194,13500,47.8,39.3,73.1,56.0,14.37
Best,208,13600,47.0,40.3,68.7,56.4,15.29
Beuningen,136,11600,44.8,39.6,66.9,55.4,11.72
Beverwijk,235,19600,39.8,36.7,57.0,47.4,11.99
Bladel,104,9100,43.7,39.1,65.3,54.8,11.43
Blaricum,64,5300,93.4,44.3,142.8,62.9,12.08
Bloemendaal,169,9900,84.7,48.5,131.3,68.5,17.07
Bodegraven-Reeuwijk,316,15200,51.1,40.8,76.2,59.2,20.79
Boekel,42,4500,43.8,39.4,67.5,57.2,9.33
Borger-Odoorn,70,11400,40.0,36.7,58.6,50.3,6.14
Borne,176,10400,43.0,38.7,64.5,54.8,16.92
Borsele,137,9800,45.1,38.5,67.3,54.2,13.98
Boxtel,202,15100,43.9,37.7,64.3,50.6,13.38
Breda,2499,86600,44.3,37.9,63.1,48.4,28.86
Bronckhorst,144,15700,44.1,38.7,65.5,54.3,9.17
Brummen,126,9400,44.1,38.5,64.2,53.6,13.4
Brunssum,148,13700,35.9,33.2,49.8,41.7,10.8
Bunnik,92,6800,50.2,44.3,74.6,63.5,13.53
Bunschoten,74,8800,46.1,39.8,71.7,60.3,8.41
Buren,140,11700,45.5,40.2,68.8,58.6,11.97
Capelle aan den IJssel,650,31400,40.3,36.3,57.3,46.7,20.7
Castricum,314,16100,48.8,42.2,71.0,57.9,19.5
Coevorden,106,15700,39.6,36.4,57.7,48.9,6.75
Cranendonck,56,9100,43.9,38.3,64.4,52.2,6.15
Culemborg,433,13100,43.3,39.3,63.5,54.2,33.05
Dalfsen,120,12200,42.9,39.2,65.2,57.0,9.84
Dantumadiel,20,8000,36.8,33.2,55.4,46.2,2.5
De Bilt,288,19100,54.2,41.7,79.9,56.0,15.08
De Fryske Marren,117,22600,41.0,36.7,60.1,50.2,5.18
De Ronde Venen,343,19800,52.9,41.5,78.1,58.1,17.32
De Wolden,98,10400,43.5,39.2,65.2,55.9,9.42
Delft,849,48900,40.0,34.8,54.3,41.7,17.36
Den Haag,7248,264600,40.6,34.4,56.7,42.7,27.39
Den Helder,215,27400,37.4,34.9,51.7,43.7,7.85
Deurne,224,14300,42.0,37.6,62.2,51.7,15.66
Deventer,659,47200,39.5,36.1,56.4,47.0,13.96
Diemen,320,14700,43.0,39.4,60.4,50.4,21.77
Dijk en Waard,593,37700,43.1,39.3,64.3,55.4,15.73
Dinkelland,68,10700,46.3,39.8,72.0,58.3,6.36
Doesburg,102,5400,37.7,34.4,52.5,45.0,18.89
Doetinchem,326,26600,41.4,36.3,60.5,48.7,12.26
Dongen,307,11700,42.3,38.8,62.6,54.2,26.24
Dordrecht,1521,56600,40.6,36.2,57.8,46.7,26.87
Drechterland,72,8700,43.8,39.1,66.0,54.6,8.28
Drimmelen,263,12200,44.5,39.2,65.9,55.0,21.56
Dronten,168,18500,41.2,38.0,60.9,53.6,9.08
Druten,94,8300,43.9,38.5,64.7,54.6,11.33
Duiven,176,10800,42.6,38.9,63.5,55.0,16.3
Echt-Susteren,173,14500,40.9,37.1,59.1,49.2,11.93
Edam-Volendam,265,15500,47.6,41.2,72.8,58.3,17.1
Ede,1005,51300,44.0,38.5,65.4,53.8,19.59
Eemnes,102,4200,49.9,41.2,74.6,57.8,24.29
Eemsdelta,214,21000,36.2,33.2,51.0,42.9,10.19
Eersel,144,8500,48.7,41.0,73.4,58.2,16.94
Eijsden-Margraten,133,11300,45.1,40.6,66.4,57.0,11.77
Eindhoven,2045,117000,41.6,36.1,57.3,44.2,17.48
Elburg,202,9600,42.5,37.1,64.6,54.2,21.04
Emmen,447,49700,37.2,33.8,53.5,44.7,8.99
Enkhuizen,74,8800,41.0,35.5,58.5,45.7,8.41
Enschede,818,72200,37.2,32.9,52.6,41.3,11.33
Epe,138,14400,44.7,37.4,65.5,52.0,9.58
Ermelo,212,11700,45.6,37.9,68.1,52.8,18.12
Etten-Leur,403,19800,42.1,38.0,62.0,51.8,20.35
Geertruidenberg,260,9700,43.4,37.5,63.2,51.6,26.8
Geldrop-Mierlo,318,18200,44.6,38.5,65.3,52.3,17.47
Gemert-Bakel,154,13400,41.9,37.7,62.7,53.2,11.49
Gennep,92,7800,40.8,37.3,59.4,49.8,11.79
Gilze en Rijen,207,11400,42.1,38.3,62.5,53.0,18.16
Goeree-Overflakkee,498,22200,44.4,38.4,65.8,53.3,22.43
Goes,164,18500,45.1,36.3,64.0,47.2,8.86
Goirle,204,10400,45.0,40.2,66.6,57.3,19.62
Gooise Meren,515,26800,57.9,42.6,86.3,56.8,19.22
Gorinchem,282,17300,41.0,36.4,59.3,48.2,16.3
Gouda,637,34600,40.7,37.3,57.9,48.5,18.41
Groningen,1191,115000,37.1,33.1,49.3,38.7,10.36
Gulpen-Wittem,82,6500,40.6,37.1,58.1,49.7,12.62
Haaksbergen,108,10400,43.9,38.0,65.6,52.9,10.38
Haarlem,935,78900,44.0,38.7,62.2,49.0,11.85
Haarlemmermeer,823,68200,46.2,41.4,69.3,58.8,12.07
Halderberge,185,13500,41.6,37.6,61.4,51.7,13.7
Hardenberg,265,25500,41.2,37.3,62.3,53.9,10.39
Harderwijk,580,21300,42.5,37.9,62.4,52.4,27.23
Hardinxveld-Giessendam,179,7400,43.9,38.0,67.9,55.2,24.19
Harlingen,94,7700,36.9,32.8,51.3,42.6,12.21
Hattem,110,5300,43.9,39.1,66.4,55.9,20.75
Heemskerk,266,17500,41.5,38.4,60.5,51.4,15.2
Heemstede,271,12100,59.2,45.2,88.4,60.3,22.4
Heerde,104,8000,43.3,38.3,64.9,55.5,13.0
Heerenveen,196,23600,41.2,35.6,59.1,46.9,8.31
Heerlen,505,45100,34.3,30.9,46.0,37.6,11.2
Heeze-Leende,68,7100,50.4,42.7,74.9,60.4,9.58
Heiloo,206,11000,49.3,42.0,72.1,56.6,18.73
Hellendoorn,170,14900,42.7,37.8,64.7,53.9,11.41
Helmond,492,43000,39.7,35.4,58.0,47.3,11.44
Hendrik-Ido-Ambacht,340,12800,47.1,41.5,73.3,62.6,26.56
Hengelo,436,38900,38.6,35.3,54.7,45.4,11.21
Het Hogeland,194,21700,37.2,34.6,53.5,45.8,8.94
Heumen,96,7300,47.0,41.2,69.1,57.0,13.15
Heusden,277,19900,44.9,38.9,67.1,54.9,13.92
Hillegom,142,10300,42.4,38.9,61.6,52.9,13.79
Hilvarenbeek,75,6800,47.2,41.5,70.7,59.1,11.03
Hilversum,423,44100,45.0,37.8,64.6,47.7,9.59
Hoeksche Waard,873,38700,50.0,40.3,74.2,56.9,22.56
Hof van Twente,123,15300,43.0,38.4,64.0,53.4,8.04
Hollands Kroon,192,21800,41.1,37.3,60.6,51.0,8.81
Hoogeveen,168,24900,37.9,34.3,54.8,45.2,6.75
Hoorn,532,34300,43.9,36.8,62.4,49.2,15.51
Horst aan de Maas,226,19300,42.6,38.1,62.9,52.6,11.71
Houten,420,21000,47.7,43.4,72.1,63.9,20.0
Huizen,290,18700,51.1,39.0,74.6,52.0,15.51
Hulst,159,12700,42.3,37.1,59.9,48.5,12.52
IJsselstein,296,14300,46.7,40.7,69.5,57.0,20.7
Kaag en Braassem,286,12700,47.9,40.3,71.0,57.1,22.52
Kampen,365,22900,39.2,36.4,59.1,51.7,15.94
Kapelle,124,5500,42.5,39.4,63.7,55.9,22.55
Katwijk,908,27100,43.6,38.7,66.3,55.3,33.51
Kerkrade,343,22700,34.1,31.2,46.6,39.0,15.11
Koggenland,106,9800,43.9,39.9,66.4,56.9,10.82
Krimpen aan den IJssel,332,12400,43.3,37.3,65.0,51.7,26.77
Krimpenerwaard,468,24300,45.4,39.0,68.2,54.7,19.26
Laarbeek,134,9800,43.8,38.6,66.0,54.3,13.67
Land van Cuijk,451,39400,42.4,38.4,62.9,53.2,11.45
Landgraaf,239,17600,37.3,34.5,52.4,44.4,13.58
Landsmeer,102,4900,52.8,42.0,78.3,59.3,20.82
Lansingerland,749,25400,53.3,44.3,83.2,67.6,29.49
Laren,60,5100,154.7,45.5,219.9,61.0,11.76
Leeuwarden,472,61300,36.6,33.5,50.4,41.3,7.7
Leiden,1183,60700,41.3,36.6,56.3,43.8,19.49
Leiderdorp,403,12400,45.0,40.8,65.2,55.1,32.5
Leidschendam-Voorburg,757,37000,45.8,39.8,64.8,50.3,20.46
Lelystad,469,36500,38.8,35.8,56.7,48.5,12.85
Leudal,166,16000,42.4,38.5,61.9,52.9,10.38
Leusden,194,13800,47.4,41.9,69.9,58.8,14.06
Lingewaard,369,20000,43.0,39.3,64.6,55.8,18.45
Lisse,97,10600,44.4,38.8,64.6,53.0,9.15
Lochem,164,15200,52.0,39.4,75.5,54.3,10.79
Loon op Zand,446,10400,43.1,38.6,63.9,54.2,42.88
Lopik,58,5900,46.9,41.1,72.1,60.3,9.83
Losser,88,9800,40.5,36.8,60.8,51.5,8.98
Maasdriel,148,11200,44.9,38.3,67.4,54.2,13.21
Maasgouw,103,11000,43.1,38.4,62.0,51.6,9.36
Maashorst,468,25900,44.7,38.0,66.4,51.7,18.07
Maassluis,373,15900,40.2,36.7,58.3,49.1,23.46
Maastricht,929,56100,39.0,33.0,52.7,40.1,16.56
Medemblik,170,19600,42.0,37.7,62.8,52.3,8.67
Meerssen,80,8500,44.5,39.6,64.4,53.8,9.41
Meierijstad,643,36500,45.7,38.6,67.5,53.8,17.62
Meppel,227,16200,40.1,36.4,57.6,47.7,14.01
Middelburg,301,23000,39.9,36.1,55.9,46.4,13.09
Midden-Delfland,253,7900,55.3,43.2,84.6,63.1,32.03
Midden-Drenthe,98,14800,40.7,38.0,59.9,53.1,6.62
Midden-Groningen,174,28200,36.7,33.6,52.4,44.1,6.17
Moerdijk,317,16900,41.9,38.2,61.6,52.9,18.76
Molenlanden,144,17600,49.6,39.9,77.8,59.5,8.18
Montferland,136,16100,41.0,36.7,60.8,50.8,8.45
Montfoort,93,5700,50.2,42.0,77.0,59.9,16.32
Mook en Middelaar,52,3800,60.9,41.1,86.9,56.3,13.68
Neder-Betuwe,132,9600,40.9,36.8,64.7,55.9,13.75
Nederweert,96,7700,42.5,37.9,63.6,52.9,12.47
Nieuwegein,865,30400,40.5,38.2,57.6,50.1,28.45
Nieuwkoop,367,12200,47.7,40.8,71.7,59.5,30.08
Nijkerk,436,18500,46.4,39.6,70.8,57.7,23.57
Nijmegen,1562,88000,38.6,34.1,52.7,41.0,17.75
Nissewaard,938,39400,39.6,37.2,57.3,49.9,23.81
Noardeast-Fryslân,79,20000,36.7,33.9,53.9,45.7,3.95
Noord-Beveland,57,3900,40.8,37.3,57.0,48.3,14.62
Noordenveld,172,14300,42.1,38.0,60.4,51.3,12.03
Noordoostpolder,212,20900,39.9,36.3,59.3,50.7,10.14
Noordwijk,323,20700,52.0,39.3,75.1,52.8,15.6
"Nuenen, Gerwen en Nederwetten",180,10600,50.3,42.7,74.4,60.0,16.98
Nunspeet,206,11500,43.0,37.2,65.8,54.4,17.91
Oegstgeest,266,10900,55.0,46.3,81.9,63.7,24.4
Oirschot,132,8100,48.4,40.9,72.9,58.3,16.3
Oisterwijk,242,14400,52.8,40.4,78.0,55.9,16.81
Oldambt,134,18700,35.7,32.5,50.4,41.9,7.17
Oldebroek,126,9600,40.4,37.3,62.3,55.4,13.12
Oldenzaal,131,14300,41.0,36.8,59.9,49.0,9.16
Olst-Wijhe,102,8000,43.6,38.6,65.1,54.9,12.75
Ommen,78,7900,42.1,37.8,62.9,52.9,9.87
Oost Gelre,211,12700,42.7,38.5,63.8,53.9,16.61
Oosterhout,511,26100,43.9,37.5,63.2,50.6,19.58
Ooststellingwerf,44,11600,38.3,35.3,55.4,46.9,3.79
Oostzaan,63,4100,47.2,40.8,71.3,58.2,15.37
Opmeer,70,5300,42.9,38.2,64.0,53.1,13.21
Opsterland,62,12700,41.2,37.2,60.9,52.0,4.88
Oss,620,42200,42.1,36.9,61.8,49.4,14.69
Oude IJsselstreek,114,17300,40.2,35.7,59.1,48.5,6.59
Ouder-Amstel,149,6400,52.8,41.6,77.6,55.8,23.28
Oudewater,56,4400,53.4,40.5,81.8,55.8,12.73
Overbetuwe,320,20400,44.4,39.9,66.9,57.1,15.69
Papendrecht,401,14200,42.6,38.5,62.5,52.5,28.24
Peel en Maas,194,19900,41.1,37.3,60.8,51.4,9.75
Pekela,18,5700,34.4,31.7,49.3,41.3,3.16
Pijnacker-Nootdorp,609,22500,49.4,44.4,76.8,67.5,27.07
Purmerend,611,42800,41.0,37.6,59.3,50.4,14.28
Putten,154,10100,46.0,38.6,70.1,56.2,15.25
Raalte,184,16200,42.6,38.2,63.6,53.7,11.36
Reimerswaal,98,9400,42.6,36.4,64.6,52.2,10.43
Renkum,8,14800,46.2,39.2,65.3,51.1,0.54
Renswoude,14,2200,,39.7,,60.1,6.36
Reusel-De Mierden,52,5800,43.4,39.1,65.3,55.2,8.97
Rheden,248,20800,40.2,35.6,56.4,44.9,11.92
Rhenen,87,8400,46.4,38.3,68.9,54.2,10.36
Ridderkerk,499,21200,41.2,36.6,59.9,48.6,23.54
Rijssen-Holten,149,14700,46.4,37.8,74.3,57.5,10.14
Rijswijk,481,28200,40.9,37.0,57.2,46.2,17.06
Roerdalen,64,9500,41.7,37.0,59.9,49.8,6.74
Roermond,374,29100,39.0,34.6,54.7,43.9,12.85
Roosendaal,518,35600,39.6,36.0,56.7,46.9,14.55
Rotterdam,7984,318000,38.7,32.9,53.3,40.6,25.11
Rozendaal,15,700,,,,,21.43
Rucphen,58,10300,41.0,36.8,61.4,51.6,5.63
Schagen,249,21300,43.2,38.1,63.4,50.9,11.69
Scherpenzeel,132,4200,43.2,39.3,65.6,57.0,31.43
Schiedam,759,37900,38.6,34.8,54.7,44.6,20.03
Schiermonnikoog,4,600,,,,,6.67
Schouwen-Duiveland,358,16000,44.0,37.1,62.8,49.9,22.38
Simpelveld,64,4900,39.3,35.5,56.0,46.4,13.06
Sint-Michielsgestel,188,12500,47.7,41.3,72.5,59.2,15.04
Sittard-Geleen,310,45300,38.2,34.5,53.1,43.8,6.84
Sliedrecht,239,10900,39.5,36.4,58.7,49.4,21.93
Sluis,361,11200,40.3,35.4,56.3,45.4,32.23
Smallingerland,177,25600,37.8,34.4,54.2,44.9,6.91
Soest,375,21000,47.0,40.5,68.8,55.6,17.86
Someren,84,8500,47.5,38.4,70.9,54.9,9.88
Son en Breugel,127,7600,50.2,42.9,74.7,61.4,16.71
Stadskanaal,104,14600,35.7,32.4,51.0,42.3,7.12
Staphorst,72,6300,43.2,38.1,69.5,59.1,11.43
Stede Broec,92,9500,41.2,36.6,61.0,50.3,9.68
Steenbergen,191,11000,42.3,37.3,62.4,51.0,17.36
Steenwijkerland,267,20100,40.4,35.9,58.9,49.2,13.28
Stein,113,11600,40.1,37.0,57.6,48.8,9.74
Stichtse Vecht,387,28600,50.8,40.6,75.5,56.8,13.53
Súdwest-Fryslân,379,40800,38.9,35.3,56.0,46.4,9.29
Terneuzen,501,26100,39.1,35.7,55.0,46.2,19.2
Terschelling,26,2300,,36.2,,46.7,11.3
Texel,60,6700,40.5,35.5,56.2,45.4,8.96
Teylingen,272,16500,50.6,41.8,75.0,59.7,16.48
Tholen,188,11000,40.5,36.8,61.3,52.1,17.09
Tiel,255,18900,39.6,35.8,57.7,47.6,13.49
Tilburg,2245,105200,38.7,34.9,54.4,44.0,21.34
Tubbergen,70,8400,44.8,39.9,71.2,60.2,8.33
Twenterand,157,13500,42.1,36.0,64.7,52.7,11.63
Tynaarlo,131,14600,45.4,41.0,67.5,57.7,8.97
Tytsjerksteradiel,92,13800,39.9,36.6,58.4,50.3,6.67
Uitgeest,146,5700,45.1,41.8,67.9,59.6,25.61
Uithoorn,180,13700,44.6,39.8,66.2,55.2,13.14
Urk,72,6800,40.4,37.0,69.1,61.9,10.59
Utrecht,4713,170000,43.7,38.6,61.1,47.7,27.72
Utrechtse Heuvelrug,226,21700,50.6,41.7,74.6,56.4,10.41
Vaals,50,4900,34.7,30.4,46.9,37.2,10.2
Valkenburg aan de Geul,63,7900,40.6,36.4,56.7,46.6,7.97
Valkenswaard,218,14800,42.2,37.2,60.6,49.0,14.73
Veendam,116,12700,36.3,33.7,51.9,44.5,9.13
Veenendaal,537,29400,41.5,37.4,61.6,51.9,18.27
Veere,235,9700,44.7,38.8,65.2,53.6,24.23
Veldhoven,456,20700,45.1,40.1,65.8,54.9,22.03
Velsen,416,31500,41.3,37.9,59.7,50.2,13.21
Venlo,640,48400,38.7,34.1,54.8,43.9,13.22
Venray,247,20000,40.7,36.8,59.2,49.2,12.35
Vijfheerenlanden,363,25300,43.4,38.8,65.6,55.6,14.35
Vlaardingen,721,35700,37.9,34.3,53.4,43.6,20.2
Vlieland,6,700,,,,,8.57
Vlissingen,241,22500,36.6,34.1,50.2,42.3,10.71
Voerendaal,64,5600,42.5,38.9,61.8,52.4,11.43
Voorne aan Zee,778,33500,47.1,40.4,68.1,54.7,23.22
Voorschoten,245,11200,49.6,42.8,72.8,58.6,21.88
Voorst,190,10600,45.7,38.8,68.7,55.0,17.92
Vught,354,13700,58.7,41.6,85.0,57.8,25.84
Waadhoeke,126,20700,37.9,35.4,55.0,47.0,6.09
Waalre,107,7900,60.4,43.2,92.2,59.9,13.54
Waalwijk,443,22900,40.8,36.1,59.4,48.5,19.34
Waddinxveen,332,13800,43.4,40.0,65.8,59.2,24.06
Wageningen,274,16700,39.6,35.2,54.8,43.2,16.41
Wassenaar,323,11700,77.7,42.2,113.4,56.9,27.61
Waterland,157,7800,49.3,40.8,72.9,55.1,20.13
Weert,270,23500,41.4,36.8,59.5,48.0,11.49
West Betuwe,364,21400,47.2,40.5,72.4,59.4,17.01
West Maas en Waal,48,8800,43.0,38.6,64.0,54.3,5.45
Westerkwartier,309,27300,40.6,37.4,60.5,52.9,11.32
Westerveld,58,8900,43.6,37.8,62.9,51.1,6.52
Westervoort,90,6700,38.5,36.6,55.8,50.4,13.43
Westerwolde,70,11300,37.1,34.0,53.5,45.1,6.19
Westland,984,49400,48.4,39.3,73.0,55.1,19.92
Weststellingwerf,56,11700,37.8,34.6,55.2,46.6,4.79
Wierden,118,9900,48.6,39.8,74.5,58.6,11.92
Wijchen,373,18100,42.6,38.6,63.3,53.8,20.61
Wijdemeren,189,10800,57.0,41.7,83.5,58.8,17.5
Wijk bij Duurstede,42,10400,44.6,40.5,65.9,57.0,4.04
Winterswijk,98,13000,39.8,35.6,57.9,47.7,7.54
Woensdrecht,140,9900,42.6,37.7,62.2,51.5,14.14
Woerden,507,22800,47.3,40.9,70.6,57.5,22.24
Wormerland,108,7300,43.2,38.3,63.9,51.9,14.79
Woudenberg,51,5600,45.0,40.7,69.5,60.3,9.11
Zaanstad,1031,71900,39.6,36.2,57.3,47.9,14.34
Zaltbommel,197,12600,42.7,37.9,64.4,54.0,15.63
Zandvoort,104,8700,46.5,36.6,64.6,45.2,11.95
Zeewolde,180,10300,43.1,39.2,64.1,56.2,17.48
Zeist,668,29100,52.4,39.6,75.9,51.7,22.96
Zevenaar,241,20500,39.3,36.2,56.7,48.5,11.76
Zoetermeer,1237,57100,40.9,38.4,59.1,51.5,21.66
Zoeterwoude,26,4100,46.2,41.8,68.6,59.3,6.34
Zuidplas,479,19300,48.2,41.7,73.0,61.7,24.82
Zundert,92,9900,43.5,38.7,64.1,53.6,9.29
Zutphen,305,22900,38.5,35.7,54.0,46.1,13.32
Zwartewaterland,146,9000,45.2,37.4,70.9,56.7,16.22
Zwijndrecht,449,20300,40.9,36.0,58.7,47.5,22.12
Zwolle,1413,60500,41.3,37.0,59.0,48.3,23.36
