Gemeente;Totaal, 65 jaar of ouder;65 tot 80 jaar;80 jaar of ouder
Aa en Hunze;29,8;22,8;7,0
Aalsmeer;19,6;14,0;5,6
Aalten;25,1;18,9;6,2
Achtkarspelen;22,8;17,4;5,4
Alblasserdam;20,9;14,9;6,1
Albrandswaard;20,0;15,4;4,6
Alkmaar;21,7;16,7;5,1
Almelo;21,3;15,9;5,4
Almere;14,6;12,3;2,3
Alphen aan den Rijn;20,8;15,7;5,1
Alphen-Chaam;26,2;19,6;6,6
Altena;21,4;16,2;5,2
Ameland;25,5;18,2;7,3
Amersfoort;17,1;13,2;4,0
Amstelveen;19,6;13,9;5,8
Amsterdam;14,2;11,2;3,0
Apeldoorn;22,9;17,2;5,7
Arnhem;16,6;12,9;3,7
Assen;22,4;17,0;5,5
Asten;24,5;18,2;6,4
Baarle-Nassau;29,0;21,5;7,5
Baarn;25,8;18,5;7,3
Barendrecht;20,4;15,4;5,0
Barneveld;18,1;13,3;4,8
Beek (L.);28,7;20,9;7,8
Beekdaelen;28,7;20,9;7,8
Beesel;26,5;20,5;6,0
Berg en Dal;27,3;20,2;7,1
Bergeijk;25,0;18,7;6,3
Bergen (L.);27,5;21,5;6,0
Bergen (NH.);34,9;24,4;10,5
Bergen op Zoom;23,4;17,5;6,0
Berkelland;27,8;20,8;7,0
Bernheze;23,1;17,1;6,1
Best;21,3;16,1;5,2
Beuningen;23,1;18,3;4,8
Beverwijk;19,8;15,1;4,7
De Bilt;25,2;17,6;7,6
Bladel;24,6;17,7;6,9
Blaricum;24,5;18,3;6,2
Bloemendaal;28,1;19,2;8,9
Bodegraven-Reeuwijk;21,6;15,9;5,7
Boekel;20,9;15,9;5,1
Borger-Odoorn;27,0;20,7;6,3
Borne;23,3;17,2;6,1
Borsele;23,1;17,5;5,6
Boxtel;24,1;18,1;6,1
Breda;19,8;14,5;5,3
Bronckhorst;29,8;22,3;7,4
Brummen;27,7;20,6;7,2
Brunssum;27,8;20,4;7,4
Bunnik;23,4;16,7;6,7
Bunschoten;17,7;13,3;4,4
Buren;22,7;17,9;4,8
Capelle aan den IJssel;22,6;17,4;5,2
Castricum;27,1;19,4;7,7
Coevorden;27,3;20,5;6,8
Cranendonck;26,6;19,7;6,8
Culemborg;21,4;16,5;4,9
Dalfsen;23,5;17,4;6,1
Dantumadiel;24,6;18,0;6,6
Delft;16,8;13,0;3,9
Deurne;24,5;18,4;6,1
Deventer;19,9;15,1;4,8
Diemen;16,4;12,6;3,8
Dijk en Waard;20,5;15,4;5,0
Dinkelland;25,4;18,9;6,4
Doesburg;29,8;22,9;6,8
Doetinchem;23,3;17,8;5,5
Dongen;23,1;17,3;5,8
Dordrecht;20,6;15,5;5,1
Drechterland;23,7;18,1;5,6
Drimmelen;24,6;18,7;5,9
Dronten;19,6;15,0;4,6
Druten;22,4;17,4;5,0
Duiven;23,6;18,5;5,1
Echt-Susteren;28,3;21,3;7,0
Edam-Volendam;23,4;17,9;5,5
Ede;20,0;15,0;5,0
Eemnes;23,3;17,8;5,5
Eemsdelta;26,9;20,0;6,9
Eersel;25,4;18,8;6,6
Eijsden-Margraten;28,4;20,9;7,5
Eindhoven;16,5;12,0;4,6
Elburg;21,6;15,9;5,7
Emmen;24,9;18,9;6,1
Enkhuizen;23,8;17,9;5,9
Enschede;19,0;14,2;4,8
Epe;27,2;19,9;7,3
Ermelo;25,1;18,3;6,8
Etten-Leur;22,6;17,1;5,5
De Fryske Marren;26,0;19,3;6,7
Geertruidenberg;23,6;17,6;6,0
Geldrop-Mierlo;24,3;17,8;6,5
Gemert-Bakel;22,6;17,6;5,1
Gennep;27,0;20,5;6,5
Gilze en Rijen;22,2;16,7;5,5
Goeree-Overflakkee;23,6;17,5;6,1
Goes;24,9;17,9;7,1
Goirle;25,1;19,6;5,6
Gooise Meren;21,3;14,9;6,4
Gorinchem;20,1;15,0;5,1
Gouda;20,9;15,6;5,3
's-Gravenhage (gemeente);15,8;12,2;3,6
Groningen (gemeente);15,9;12,1;3,7
Gulpen-Wittem;32,6;24,1;8,5
Haaksbergen;26,4;19,1;7,3
Haarlem;17,9;13,4;4,4
Haarlemmermeer;18,3;14,0;4,3
Halderberge;24,9;18,3;6,5
Hardenberg;20,9;15,9;5,0
Harderwijk;20,4;15,5;4,9
Hardinxveld-Giessendam;19,1;13,8;5,3
Harlingen;28,1;20,7;7,3
Hattem;23,3;17,0;6,3
Heemskerk;24,9;18,1;6,8
Heemstede;28,5;19,2;9,3
Heerde;26,1;19,1;7,0
Heerenveen;24,0;17,3;6,6
Heerlen;25,2;18,6;6,6
Heeze-Leende;26,5;19,3;7,2
Heiloo;28,0;19,3;8,7
Den Helder;25,5;19,1;6,3
Hellendoorn;24,6;18,5;6,1
Helmond;18,9;14,4;4,5
Hendrik-Ido-Ambacht;18,0;13,5;4,5
Hengelo (O.);21,6;16,0;5,6
's-Hertogenbosch;20,0;15,4;4,6
Heumen;27,1;19,9;7,2
Heusden;22,8;17,3;5,4
Hillegom;22,4;16,7;5,7
Hilvarenbeek;25,3;18,7;6,6
Hilversum;19,2;14,0;5,2
Hoeksche Waard;24,2;18,1;6,2
Hof van Twente;26,7;19,0;7,6
Het Hogeland;26,7;20,4;6,2
Hollands Kroon;22,6;17,0;5,6
Hoogeveen;23,4;17,1;6,3
Hoorn;21,2;16,3;4,9
Horst aan de Maas;24,5;18,3;6,3
Houten;20,5;17,0;3,5
Huizen;27,1;20,3;6,8
Hulst;28,1;20,5;7,6
IJsselstein;21,0;15,8;5,2
Kaag en Braassem;22,7;17,3;5,4
Kampen;18,7;14,0;4,6
Kapelle;23,4;17,4;6,0
Katwijk;20,0;15,1;4,9
Kerkrade;27,4;20,6;6,8
Koggenland;22,7;17,2;5,5
Krimpen aan den IJssel;24,8;17,3;7,5
Krimpenerwaard;23,0;16,9;6,1
Laarbeek;24,9;18,5;6,5
Land van Cuijk;25,1;19,0;6,1
Landgraaf;28,7;21,6;7,1
Landsmeer;24,0;17,7;6,3
Lansingerland;17,1;12,7;4,4
Laren (NH.);32,5;20,5;12,0
Leeuwarden;20,2;15,3;4,8
Leiden;16,8;12,9;3,9
Leiderdorp;24,0;17,5;6,5
Leidschendam-Voorburg;23,6;17,0;6,6
Lelystad;18,4;14,6;3,7
Leudal;28,0;20,9;7,0
Leusden;24,7;18,5;6,1
Lingewaard;24,7;19,1;5,6
Lisse;25,0;18,1;6,8
Lochem;30,7;22,2;8,5
Loon op Zand;24,9;18,4;6,5
Lopik;20,0;15,6;4,4
Losser;26,1;19,9;6,2
Maasdriel;21,8;17,1;4,7
Maasgouw;30,0;22,6;7,5
Maashorst;23,4;17,5;6,0
Maassluis;22,8;17,0;5,9
Maastricht;22,6;16,4;6,2
Medemblik;23,8;18,3;5,5
Meerssen;29,4;21,0;8,4
Meierijstad;23,3;17,6;5,7
Meppel;21,3;16,1;5,2
Middelburg (Z.);23,5;17,1;6,4
Midden-Delfland;22,9;17,3;5,6
Midden-Drenthe;26,7;20,3;6,4
Midden-Groningen;24,6;18,6;6,0
Moerdijk;23,8;18,0;5,8
Molenlanden;20,5;15,4;5,1
Montferland;25,6;19,1;6,5
Montfoort;22,1;16,4;5,7
Mook en Middelaar;30,1;22,5;7,7
Neder-Betuwe;18,2;14,2;4,0
Nederweert;26,4;19,8;6,6
Nieuwegein;21,5;16,9;4,6
Nieuwkoop;23,6;17,8;5,8
Nijkerk;20,3;15,1;5,1
Nijmegen;17,2;13,3;3,9
Nissewaard;22,1;17,4;4,7
Noardeast-Fryslân;23,5;17,6;6,0
Noord-Beveland;31,2;23,0;8,2
Noordenveld;29,6;21,1;8,5
Noordoostpolder;19,2;14,9;4,4
Noordwijk;23,8;18,0;5,9
Nuenen, Gerwen en Nederwetten;27,5;19,8;7,7
Nunspeet;22,1;16,4;5,7
Oegstgeest;21,9;15,8;6,1
Oirschot;25,5;19,3;6,2
Oisterwijk;26,4;19,0;7,4
Oldambt;26,4;19,9;6,5
Oldebroek;21,5;16,4;5,1
Oldenzaal;25,6;18,9;6,8
Olst-Wijhe;24,4;18,7;5,7
Ommen;24,9;19,0;5,9
Oost Gelre;25,6;19,4;6,2
Oosterhout;24,2;18,2;6,0
Ooststellingwerf;27,2;20,4;6,8
Oostzaan;22,8;16,5;6,3
Opmeer;23,6;17,8;5,8
Opsterland;25,0;18,7;6,2
Oss;21,7;16,4;5,2
Oude IJsselstreek;26,9;20,2;6,7
Ouder-Amstel;22,9;17,2;5,7
Oudewater;23,4;17,1;6,4
Overbetuwe;22,1;16,8;5,3
Papendrecht;23,4;16,8;6,5
Peel en Maas;25,4;19,1;6,3
Pekela;24,0;18,1;5,9
Pijnacker-Nootdorp;16,9;12,5;4,4
Purmerend;22,0;16,4;5,6
Putten;22,6;16,3;6,3
Raalte;25,6;19,2;6,4
Reimerswaal;18,2;13,4;4,9
Renkum;30,5;21,6;8,8
Renswoude;17,0;13,4;3,6
Reusel-De Mierden;24,0;19,2;4,9
Rheden;27,4;19,2;8,1
Rhenen;23,3;17,0;6,3
Ridderkerk;24,7;17,6;7,1
Rijssen-Holten;20,2;14,8;5,4
Rijswijk (ZH.);20,4;14,8;5,6
Roerdalen;30,1;22,7;7,4
Roermond;23,2;17,5;5,7
De Ronde Venen;23,4;17,5;5,9
Roosendaal;23,4;17,3;6,0
Rotterdam;16,2;12,3;3,9
Rozendaal;23,6;18,2;5,4
Rucphen;24,1;18,8;5,3
Schagen;26,3;19,3;7,0
Scherpenzeel;20,0;14,3;5,7
Schiedam;18,1;13,7;4,3
Schiermonnikoog;31,5;21,9;9,6
Schouwen-Duiveland;29,7;21,6;8,1
Simpelveld;29,4;20,9;8,4
Sint-Michielsgestel;23,8;17,5;6,3
Sittard-Geleen;26,7;19,9;6,8
Sliedrecht;20,9;15,1;5,8
Sluis;30,4;22,1;8,3
Smallingerland;22,9;16,7;6,3
Soest;24,3;17,7;6,6
Someren;23,1;17,3;5,8
Son en Breugel;22,6;15,1;7,5
Stadskanaal;26,7;19,5;7,3
Staphorst;16,5;12,5;4,0
Stede Broec;24,0;17,9;6,1
Steenbergen;24,7;18,5;6,2
Steenwijkerland;24,8;18,6;6,2
Stein (L.);30,1;22,2;7,9
Stichtse Vecht;23,0;17,4;5,6
Súdwest-Fryslân;25,2;18,5;6,6
Terneuzen;26,3;18,8;7,5
Terschelling;26,1;19,4;6,7
Texel;28,8;21,6;7,2
Teylingen;22,2;16,4;5,8
Tholen;21,0;15,6;5,4
Tiel;20,4;15,6;4,8
Tilburg;17,9;13,5;4,4
Tubbergen;22,7;17,2;5,5
Twenterand;21,5;16,4;5,1
Tynaarlo;26,4;19,2;7,3
Tytsjerksteradiel;25,1;18,2;6,9
Uitgeest;21,4;16,5;4,9
Uithoorn;19,1;13,7;5,4
Urk;11,0;8,6;2,4
Utrecht (gemeente);11,3;8,7;2,6
Utrechtse Heuvelrug;26,2;18,2;8,0
Vaals;30,2;21,8;8,4
Valkenburg aan de Geul;32,3;22,2;10,1
Valkenswaard;27,1;19,1;7,9
Veendam;24,5;18,2;6,3
Veenendaal;19,4;14,7;4,7
Veere;29,6;21,8;7,8
Veldhoven;23,1;16,9;6,2
Velsen;22,2;16,7;5,6
Venlo;23,8;17,9;5,9
Venray;24,2;18,1;6,2
Vijfheerenlanden;20,7;15,3;5,4
Vlaardingen;20,8;15,2;5,6
Vlieland;23,2;17,4;5,8
Vlissingen;25,4;18,8;6,6
Voerendaal;29,8;21,6;8,2
Voorne aan Zee;25,2;19,3;5,9
Voorschoten;25,2;17,8;7,4
Voorst;26,6;20,2;6,5
Vught;23,7;17,4;6,3
Waadhoeke;24,6;18,7;5,9
Waalre;25,1;17,3;7,8
Waalwijk;22,3;16,5;5,9
Waddinxveen;18,1;13,9;4,2
Wageningen;17,6;13,0;4,6
Wassenaar;25,7;17,4;8,3
Waterland;26,9;19,9;7,0
Weert;25,2;18,0;7,2
West Betuwe;21,3;16,2;5,1
West Maas en Waal;23,9;18,5;5,4
Westerkwartier;23,0;17,2;5,8
Westerveld;32,3;24,0;8,3
Westervoort;24,4;20,0;4,4
Westerwolde;29,6;22,4;7,2
Westland;20,7;15,4;5,3
Weststellingwerf;26,5;19,4;7,1
Wierden;23,3;17,3;6,0
Wijchen;23,8;18,1;5,7
Wijdemeren;26,2;19,2;7,0
Wijk bij Duurstede;25,0;20,0;5,0
Winterswijk;26,0;19,5;6,5
Woensdrecht;25,9;18,4;7,4
Woerden;20,9;15,5;5,4
De Wolden;27,1;20,1;7,0
Wormerland;24,7;17,4;7,3
Woudenberg;19,2;13,8;5,5
Zaanstad;18,8;13,9;4,9
Zaltbommel;19,6;14,8;4,7
Zandvoort;27,9;20,3;7,6
Zeewolde;17,1;13,7;3,4
Zeist;22,3;15,9;6,4
Zevenaar;25,6;19,1;6,4
Zoetermeer;21,6;17,1;4,5
Zoeterwoude;23,1;17,4;5,7
Zuidplas;19,5;14,9;4,6
Zundert;24,9;18,9;6,0
Zutphen;25,8;19,9;5,9
Zwartewaterland;18,7;14,3;4,4
Zwijndrecht;23,6;16,9;6,7
Zwolle;17,7;13,4;4,3
